url,entityID
0000.htm,A.B.I. School of Barbering & Cosmetology of Tribeca Inc
0001.htm,Abilene Christian University
0002.htm,Abraham Baldwin Agricultural College
0003.htm,Academia Serrant Inc
0004.htm,Academy Di Capelli - School of Cosmetology
0005.htm,Academy of Careers & Technology
0006.htm,Academy of Chinese Culture & Health Sciences
0007.htm,Academy of Cosmetology - Austin
0008.htm,Academy of Cosmetology - Charleston
0009.htm,Academy of Cosmetology - Palm Bay
0010.htm,Academy of Court Reporting - Akron
0011.htm,Academy of Court Reporting - Clawson
0012.htm,Academy of Hair Design - Wenatchee
0013.htm,Academy of Hair Design Four - Pearl
0014.htm,Academy of Hair Design Three - Jackson
0015.htm,Academy of Hair Technology
0016.htm,Academy of Health Care Professions
0017.htm,Academy of Natural Therapy
0018.htm,Academy of Oriental Medicine
0019.htm,Academy of Vocal Arts
0020.htm,Acupuncture & Massage College - Miami
0021.htm,Adelante Career Institute
0022.htm,Adelphi University
0023.htm,Adler Graduate School
0024.htm,Adult Center for Education - Zanesville
0025.htm,Advanced College
0026.htm,Advanced Technical Centers - Miami
0027.htm,Advanced Technology Institute
0028.htm,Affinity Health System Program in Radiologic Technology
0029.htm,Aiken Technical College
0030.htm,Air Force Institute of Technology - Graduate School of Engineering & Management
0031.htm,Alabama Southern Community College
0032.htm,Alaska Vocational Technical Center
0033.htm,Albany BOCES - Adult Practical Nursing Program
0034.htm,Albany College of Pharmacy & Health Sciences
0035.htm,Albany Technical College
0036.htm,Albright College
0037.htm,Alcorn State University
0038.htm,Alderson Broaddus College
0039.htm,Alice Lloyd College
0040.htm,All State Career School - Lester
0041.htm,All State Career School - North Versailles
0042.htm,Allegheny Wesleyan College
0043.htm,Allen School - Brooklyn
0044.htm,Allen School - Jamaica
0045.htm,Allied College South - Fenton
0046.htm,Altoona Beauty School Inc
0047.htm,Alvareitas College of Cosmetology - Godfrey
0048.htm,American Academy McAllister Institute of Funeral Service
0049.htm,American Academy of Acupuncture & Oriental Medicine
0050.htm,American Beauty Academy - Wheaton
0051.htm,American Beauty School - Bronx
0052.htm,American Broadcasting School - Arlington
0053.htm,American Broadcasting School - Oaklahoma City
0054.htm,American Career College - Anaheim
0055.htm,American Career College - Berwyn
0056.htm,American Career College - Los Angeles
0057.htm,American College - Bryn Mawr
0058.htm,American Commercial College - Abilene
0059.htm,American Commercial College - Lubbock
0060.htm,American Commercial College - San Angelo
0061.htm,American Commercial College - Shreveport
0062.htm,American Film Institute Conservatory
0063.htm,American Indian OIC Inc
0064.htm,American Institute - Pompano Beach
0065.htm,American Institute - School of Health Careers
0066.htm,American Institute of Alternative Medicine
0067.htm,American Institute of Beauty
0068.htm,American Institute of Massage Therapy
0069.htm,American Intercontinental University - Dunwoody Campus
0070.htm,American Intercontinental University - Houston
0071.htm,American Intercontinental University - Los Angeles
0072.htm,American Intercontinental University - Weston
0073.htm,American International College
0074.htm,American Jewish University
0075.htm,American Pacific College
0076.htm,American School of Business
0077.htm,American University of Puerto Rico - Manati
0078.htm,Americare School of Nursing
0079.htm,AmeriTech College - Draper
0080.htm,AmeriTech College - Provo
0081.htm,Amridge University
0082.htm,Ana Visage Institute
0083.htm,Anamarc Educational Institute
0084.htm,Andover College
0085.htm,Andrews University
0086.htm,Angelina College
0087.htm,Angley College
0088.htm,Anna Maria College
0089.htm,Anoka - Ramsey Community College
0090.htm,Anoka Technical College
0091.htm,Antelope Valley Medical College
0092.htm,Anthem College - Phoenix
0093.htm,Antioch University PhD Program in Leadership & Change
0094.htm,Antonelli Institute - Erdenheim
0095.htm,Apex Academy of Hair Design Inc
0096.htm,Apollo College - Boise
0097.htm,Apollo College - Phoenix Inc
0098.htm,Apollo College - Portland Inc
0099.htm,Appalachian School of Law
0100.htm,Aquinas College - Grand Rapids
0101.htm,Arapahoe Community College
0102.htm,Argosy University - Atlanta
0103.htm,Argosy University - Dallas
0104.htm,Argosy University - Denver
0105.htm,Argosy University - Hawaii
0106.htm,Argosy University - Los Angeles
0107.htm,Argosy University - San Francisco Bay Area
0108.htm,Argosy University - Sarasota
0109.htm,Argosy University - Twin Cities
0110.htm,Argosy University - Washington DC
0111.htm,Arizona Academy of Beauty
0112.htm,Arizona College of Allied Health
0113.htm,Arkansas State University - Beebe
0114.htm,Arkansas State University - Mountain Home
0115.htm,Arlington Baptist College
0116.htm,Art Academy of Cincinnati
0117.htm,Art Center College of Design
0118.htm,Artistic Beauty Colleges - Arvada
0119.htm,Artistic Beauty Colleges - Lakewood
0120.htm,Artistic Beauty Colleges - Littleton
0121.htm,Artistic Beauty Colleges - Thornton
0122.htm,Asbury Theological Seminary
0123.htm,Asnuntuck Community College
0124.htm,Associated Mennonite Biblical Seminary
0125.htm,Astrodome Career Centers
0126.htm,ATA Career Education
0127.htm,Athens State University
0128.htm,ATI Career Training Center - Dallas
0129.htm,Atlanta Institute of Music
0130.htm,Atlanta Metropolitan College
0131.htm,Atlantic Technical Center
0132.htm,Atlantic Union College
0133.htm,ATS Institute of Technology
0134.htm,Auburn University - Montgomery
0135.htm,Augsburg College
0136.htm,Augusta Area Dietetic Internship - University Hospital
0137.htm,Augusta State University
0138.htm,Augustana College - Rock Island
0139.htm,Aurora St. Luke Medical Center School of Radiologic Technology
0140.htm,Aurora St. Luke's Medical Center - School of Diagnostic Medical Sonography
0141.htm,Automeca Technical College - Aguadilla
0142.htm,Automeca Technical College - Bayamon
0143.htm,Automotive Training Center - Exton
0144.htm,Aveda Institute - Lafayette
0145.htm,Averett University - Non - traditional programs
0146.htm,Aviation Institute of Maintenance - Atlanta
0147.htm,Aviation Institute of Maintenance - Chesapeake
0148.htm,Aviation Institute of Maintenance - Houston
0149.htm,Aviation Institute of Maintenance - Indianapolis
0150.htm,Avila University
0151.htm,Baker College Center for Graduate Studies
0152.htm,Baker College Corporate Services
0153.htm,Baker College of Allen Park
0154.htm,Baker College of Cadillac
0155.htm,Baker College of Flint
0156.htm,Baker College of Muskegon
0157.htm,Baltimore Studio of Hair Design
0158.htm,Baptist Bible College & Graduate School
0159.htm,Baptist Missionary Association Theological Seminary
0160.htm,Barton College
0161.htm,Bastyr University
0162.htm,Baton Rouge Community College
0163.htm,Baton Rouge General Medical Center - Radiologic Technology
0164.htm,Bay Mills Community College
0165.htm,Bay Vista College of Beauty
0166.htm,Bayamon Central University
0167.htm,Beacon College
0168.htm,Beal College
0169.htm,Beauty College of America
0170.htm,Beauty School of Middletown
0171.htm,Beck Area Career Center - Red Bud
0172.htm,Bee Jays Academy
0173.htm,Beebe Hospital School of Nursing
0174.htm,Bell Business School
0175.htm,Bellarmine University
0176.htm,Bemidji State University
0177.htm,Benedict College
0178.htm,Benes International School of Beauty
0179.htm,Bennett Career Institute
0180.htm,Bennington College
0181.htm,Berdan Institute
0182.htm,Bethany Theological Seminary
0183.htm,Bethel College - North Newton
0184.htm,Bethel Seminary of the East
0185.htm,Bethel Seminary San Diego
0186.htm,Bethel University (MN)
0187.htm,Bethesda Christian University
0188.htm,Bethune - Cookman University
0189.htm,Bevill State Community College
0190.htm,Big Sandy Community & Technical College
0191.htm,BIR Training Center
0192.htm,Birthingway College of Midwifery
0193.htm,Birthwise Midwifery School
0194.htm,Bishop State Community College
0195.htm,BJ's Beauty & Barber College
0196.htm,Black Hills State University
0197.htm,Black River Technical College
0198.htm,Blaine the Beauty Career School - Hyannis
0199.htm,Blaine the Beauty Career School - Malden
0200.htm,Blinn College
0201.htm,Bloomsburg University of Pennsylvania
0202.htm,Blue Cliff College - Metairie
0203.htm,Blue Hills Regional Technical School
0204.htm,Blue Mountain College
0205.htm,Bluefield College
0206.htm,Bluefield State College
0207.htm,Bluffton University
0208.htm,Boise Bible College
0209.htm,Boston Graduate School of Psychoanalysis Inc
0210.htm,Boulder College of Massage Therapy
0211.htm,Bowling Green State University - Firelands
0212.htm,Bradenton Beauty & Barber Academy
0213.htm,Bradford - Union Area Career Technical Center
0214.htm,Bradford School - Columbus
0215.htm,Bradford School - Pittsburgh
0216.htm,Branford Hall Career Institute - Branford Campus
0217.htm,Branford Hall Career Institute - Springfield Campus
0218.htm,Branford Hall Career Institute - Windsor Campus
0219.htm,Brenau University
0220.htm,Brescia University
0221.htm,Bridgerland Applied Technology College
0222.htm,Bridges Academy of Beauty
0223.htm,Bridgewater College
0224.htm,Brio Academy of Cosmetology - Hartford
0225.htm,Brio Academy of Fairfield
0226.htm,Brittany Beauty School - Bronx
0227.htm,Brookhaven College
0228.htm,Brooklyn College
0229.htm,Brooklyn Law School
0230.htm,Brookstone College - Charlotte
0231.htm,Brown Mackie College - Akron
0232.htm,Brown Mackie College - Kansas City
0233.htm,Brown Mackie College - Merrillville
0234.htm,Brown Mackie College - Miami
0235.htm,Brown Mackie College - Michigan City
0236.htm,Bryan College - Gold River
0237.htm,Bryan College - Springfield
0238.htm,Bryant & Stratton College - Cleveland
0239.htm,Bryant & Stratton College - Greece
0240.htm,Bryant & Stratton College - Milwaukee
0241.htm,Bryant & Stratton College - Virginia Beach
0242.htm,Bryn Athyn College of the New Church
0243.htm,Buckeye Joint Vocational School
0244.htm,Bucks County Community College
0245.htm,Buena Vista University
0246.htm,Bunker Hill Community College
0247.htm,Butera School of Art
0248.htm,Butler Community College
0249.htm,Butler County Community College
0250.htm,Butler University
0251.htm,Kalamazoo College
0252.htm,Kankakee Community College
0253.htm,Kansas City Kansas Community College
0254.htm,Kaplan Career Institute - Detroit
0255.htm,Kaplan Career Institute - Nashville
0256.htm,Kaplan College - Columbus
0257.htm,Kaplan College - Palm Springs
0258.htm,Kaplan College - Riverside
0259.htm,Kaplan College - San Diego
0260.htm,Kaplan College - Vista
0261.htm,Kaplan University - Council Bluffs
0262.htm,Kaplan University - Lincoln
0263.htm,Kaplan University - Mason City
0264.htm,Katharine Gibbs School - New York City
0265.htm,Katharine Gibbs School - Norristown
0266.htm,Kauai Community College
0267.htm,Kaw Area Technical School
0268.htm,Kay Harvey Academy of Hair Design
0269.htm,Kean University
0270.htm,Keene Beauty Academy
0271.htm,Kellogg Community College
0272.htm,Kennebec Valley Community College
0273.htm,Kenneth Shuler School of Cosmetology & Nails
0274.htm,Kenneth Shuler School of Cosmetology - Columbia
0275.htm,Kenneth Shuler School of Cosmetology - Spartanburg
0276.htm,Kennett Career & Technology Center
0277.htm,Kenrick Glennon Seminary
0278.htm,Kent State University - Ashtabula
0279.htm,Kent State University - Trumbull
0280.htm,Kentucky Christian University
0281.htm,Kentucky Mountain Bible College
0282.htm,Kettering College of Medical Arts
0283.htm,Kettering University
0284.htm,Key College
0285.htm,Keyskills Learning
0286.htm,Keystone Technical Institute
0287.htm,Kiamichi Technology Center - Hugo
0288.htm,Kiamichi Technology Center - Spiro
0289.htm,Kiamichi Technology Center - Talihina
0290.htm,Kilgore College
0291.htm,King's College
0292.htm,King's College & Seminary
0293.htm,Knowledge Systems Institute
0294.htm,Knox County Career Center
0295.htm,Kutztown University of Pennsylvania
0296.htm,La Belle Beauty Academy
0297.htm,LA College International
0298.htm,La James College of Hairstyling & Cosmetology
0299.htm,La James International College - Cedar Falls
0300.htm,La James International College - Davenport
0301.htm,La James International College - Ford Dodge
0302.htm,La Salle University
0303.htm,La'James International College
0304.htm,Lac Courte Oreilles Ojibwa Community College
0305.htm,Ladera Career Paths Training Centers
0306.htm,LaGrange College
0307.htm,Laguna College of Art & Design
0308.htm,Lake Erie College of Osteopathic Medicine
0309.htm,Lake Forest Graduate School of Management
0310.htm,Lake Superior State University
0311.htm,Lake Tahoe Community College
0312.htm,Lake Technical Center
0313.htm,Lake Washington Technical College
0314.htm,Lakeland College
0315.htm,Lakes Region Community College
0316.htm,Lakeshore Technical College
0317.htm,Lamar Community College
0318.htm,Lamar Institute of Technology
0319.htm,Lambuth University
0320.htm,Lancaster School of Cosmetology
0321.htm,Lansdale School of Cosmetology Inc
0322.htm,Lansing Community College
0323.htm,Las Vegas College
0324.htm,Lasell College
0325.htm,Lassen Community College
0326.htm,Latter - day Saints Business College
0327.htm,Laurel Business Institute
0328.htm,Laurel Technical Institute
0329.htm,Laurus Technical Institute
0330.htm,Lawrence Memorial Hospital School of Nursing
0331.htm,Lawrence Technological University
0332.htm,Le Cordon Bleu College of Culinary Arts - Atlanta
0333.htm,Lebanon College
0334.htm,Lebanon County Area Vocational Technical School
0335.htm,Lee College
0336.htm,Lee University
0337.htm,Lees - McRae College
0338.htm,Lees School of Cosmetology
0339.htm,Lehigh Valley College
0340.htm,Lenape Area Vocational Technical School Practical Nursing Program
0341.htm,Lenoir - Rhyne University
0342.htm,Lesley University
0343.htm,LeTourneau University
0344.htm,Lewis - Clark State College
0345.htm,Lexington Healing Arts Academy
0346.htm,Lia Schorr Institute of Cosmetic Skin Care Training
0347.htm,Liceo de Arte - Dise - O y Comercio
0348.htm,Lincoln College
0349.htm,Lincoln College of New England
0350.htm,Lincoln College of Technology - Denver
0351.htm,Lincoln College of Technology - Grand Prairie
0352.htm,Lincoln College of Technology - Melrose Park
0353.htm,Lincoln Technical Institute
0354.htm,Lincoln Technical Institute - Allentown
0355.htm,Lincoln Technical Institute - Brockton
0356.htm,Lincoln Technical Institute - Edison
0357.htm,Lincoln Technical Institute - Mahwah
0358.htm,Lincoln Technical Institute - Mount Laurel
0359.htm,Lincoln Technical Institute - Philadelphia
0360.htm,Lincoln University - Oakland
0361.htm,Lincoln University of Pennsylvania
0362.htm,Lindsey Wilson College
0363.htm,Linn State Technical College
0364.htm,Little Priest Tribal College
0365.htm,Loma Linda University
0366.htm,Long Island Beauty School
0367.htm,Long Island Beauty School Inc
0368.htm,Long Island University - C W Post Campus
0369.htm,Long Island University - Rockland Campus
0370.htm,Long Island University - Westchester Campus
0371.htm,Lorain County Joint Vocational School District
0372.htm,Loraines Academy Inc
0373.htm,Los Angeles County College of Nursing & Allied Health
0374.htm,Los Angeles Mission College
0375.htm,Los Angeles Music Academy
0376.htm,Los Angeles ORT Technical Institute
0377.htm,Los Angeles Southwest College
0378.htm,Louisburg College
0379.htm,Louisiana Culinary Institute
0380.htm,Louisiana State University - Alexandria
0381.htm,Louisiana State University - Shreveport
0382.htm,Louisiana State University Health Sciences Center - Shreveport
0383.htm,Louisiana Tech University
0384.htm,Louisiana Technical College - Acadian
0385.htm,Louisiana Technical College - Alexandria
0386.htm,Louisiana Technical College - Ascension
0387.htm,Louisiana Technical College - Bastrop
0388.htm,Louisiana Technical College - Gulf Area
0389.htm,Louisiana Technical College - North Central
0390.htm,Louisiana Technical College - Northeast LA Branch
0391.htm,Louisiana Technical College - Ruston
0392.htm,Louisiana Technical College - Tallulah
0393.htm,Louisiana Technical College - Young Memorial
0394.htm,Louisville Bible College
0395.htm,Lourdes College
0396.htm,Lowell Academy Hairstyling Institute
0397.htm,Loyola University New Orleans
0398.htm,Lurleen B Wallace Community College
0399.htm,Lutheran School of Theology at Chicago
0400.htm,Lutheran Theological Seminary at Gettysburg
0401.htm,Lutheran Theological Seminary at Philadelphia
0402.htm,Lutheran Theological Southern Seminary
0403.htm,Lycoming College
0404.htm,Lyme Academy College of Fine Arts
0405.htm,Lyndon State College
0406.htm,MacCormac College
0407.htm,MacMurray College
0408.htm,Macon State College
0409.htm,Madison Adult Career Center
0410.htm,Madison Area Technical College
0411.htm,Madison Oneida BOCES - Practical Nursing Program
0412.htm,Magdalen College
0413.htm,Make - up Designory
0414.htm,Malone University
0415.htm,Manatee Technical Institute
0416.htm,Manchester Community College - Connecticut
0417.htm,Manchester Community College - New Hampshire
0418.htm,Manhattan School of Music
0419.htm,Mansfield University of Pennsylvania
0420.htm,Maple Springs Baptist Bible College & Seminary
0421.htm,Marian Court College
0422.htm,Maricopa Beauty College LLC
0423.htm,Marinello School of Beauty - Huntington Beach
0424.htm,Marinello School of Beauty - North Hollywood
0425.htm,Marinello School of Beauty - Reseda
0426.htm,Marinello School of Beauty - West Covina
0427.htm,Marion County Community Technical & Adult Education Center
0428.htm,Marion Military Institute
0429.htm,Marion Technical College
0430.htm,MarJon School of Beauty Culture Ltd
0431.htm,Marlboro College Graduate Center
0432.htm,Mars Hill Graduate School
0433.htm,Marshalltown Community College
0434.htm,Martin University
0435.htm,Mary Lanning Memorial Hospital School of Radiologic Technology
0436.htm,Maryville College
0437.htm,Massachusetts Bay Community College
0438.htm,Massachusetts School of Law
0439.htm,Massachusetts School of Professional Psychology
0440.htm,Massage Therapy Training Institute Inc
0441.htm,Mayland Community College
0442.htm,Mayo Graduate School
0443.htm,Mayo School of Health Sciences
0444.htm,McCann School of Business & Technology
0445.htm,McDaniel College
0446.htm,MCed Career College
0447.htm,McKendree University
0448.htm,McMurry University
0449.htm,McNeese State University
0450.htm,Mech - Tech College LLC
0451.htm,Med - Assist School of Hawaii Inc
0452.htm,Medcenter One College of Nursing
0453.htm,MedCentral College of Nursing
0454.htm,Medical College of Wisconsin
0455.htm,Medical Training College
0456.htm,Medix School - Smyrna
0457.htm,Medvance Institute - Baton Rouge
0458.htm,Medvance Institute - Cookeville
0459.htm,Medvance Institute - Fort Lauderdale
0460.htm,Meharry Medical College
0461.htm,Memphis College of Art
0462.htm,Mendocino College
0463.htm,Mercer County Community College
0464.htm,Mercy Hospital School of Practical Nursing
0465.htm,Mercy Hospital School of Radiologic Technology
0466.htm,Mercy/St. Luke's School of Radiologic Technology
0467.htm,Meredith College
0468.htm,Meredith Manor International Equestrian Center
0469.htm,Meridian Community College
0470.htm,Merkaz Bnos - Business School
0471.htm,Merrell University of Beauty Arts & Science
0472.htm,Merrillville Beauty College
0473.htm,Messenger College
0474.htm,Methodist College of Nursing
0475.htm,Methodist Theological School in Ohio
0476.htm,Metropolitan Community College - Maple Woods
0477.htm,MGH Institute of Health Professions
0478.htm,Miami - Jacobs Career College - Dayton
0479.htm,Miami Ad School - Miami Beach
0480.htm,Miami Ad School - San Francisco
0481.htm,Miami University - Hamilton
0482.htm,Miami University - Middletown
0483.htm,Michigan Career & Technical Institute
0484.htm,Michigan College of Beauty - Troy
0485.htm,Michigan School of Professional Psychology
0486.htm,Michigan State University College of Law
0487.htm,Mid - America Christian University
0488.htm,Mid - America College of Funeral Service
0489.htm,Mid - Continent University
0490.htm,Mid - South Community College
0491.htm,Middle Georgia College
0492.htm,Midland College
0493.htm,Midland Lutheran College
0494.htm,Midlands Technical College
0495.htm,Midstate College
0496.htm,Midway College
0497.htm,Midwest Institute
0498.htm,Midwest Technical Institute
0499.htm,Midwestern Baptist Theological Seminary
0500.htm,Midwestern University - Glendale
0501.htm,Mifflin - Juniata Career & Technology Center
0502.htm,Milan Institute - Clovis
0503.htm,Milan Institute - San Antonio
0504.htm,Milan Institute - Sparks
0505.htm,Miles Community College
0506.htm,Miller - Motte Technical College - Clarksville
0507.htm,Mineral Area College
0508.htm,Minnesota School of Business - Brooklyn Center
0509.htm,Minnesota School of Business - Plymouth
0510.htm,Minnesota School of Business - Waite Park
0511.htm,Minnesota West Community & Technical College
0512.htm,Miss Martys Hair Academy & Esthetics Institute
0513.htm,Mission College
0514.htm,Mississippi State University
0515.htm,Mississippi Valley State University
0516.htm,Missouri Tech
0517.htm,Mitchell Community College
0518.htm,MJ's Beauty Academy Inc
0519.htm,Modern Technology School
0520.htm,Mojave Barber College
0521.htm,Molloy College
0522.htm,Monongalia County Technical Education Center
0523.htm,Monroe College
0524.htm,Monroe Community College
0525.htm,Monterey Institute of International Studies
0526.htm,Monterey Peninsula College
0527.htm,Montgomery Beauty School
0528.htm,Montgomery Community College
0529.htm,Montgomery County Community College - Central Campus
0530.htm,Montreat College
0531.htm,Moraine Park Technical College
0532.htm,Morehead State University
0533.htm,Morehouse College
0534.htm,Morgan Community College
0535.htm,Morningside College
0536.htm,Morrisville State College
0537.htm,Mott Community College
0538.htm,Moultrie Technical College
0539.htm,Mount Aloysius College
0540.htm,Mount Angel Seminary
0541.htm,Mount Ida College
0542.htm,Mount Marty College
0543.htm,Mount Olive College
0544.htm,Mount Saint Mary College
0545.htm,Mount St. Mary's College
0546.htm,Mountain Empire Community College
0547.htm,Mountain View College
0548.htm,Mountaineer Beauty College
0549.htm,Mountainland Applied Technology College
0550.htm,Mountainside Hospital School of Nursing
0551.htm,Mr Jim's College of Cosmetology
0552.htm,Mt Hood Community College
0553.htm,Mt Sierra College
0554.htm,MTI Business College Inc
0555.htm,MTTI - WellSpring Center for Natural Health & Wellness
0556.htm,Muhlenberg Harold B. & Dorothy A Snyder Schools - School of Imaging
0557.htm,Muhlenberg Harold B. & Dorothy A. Snyder Schools - School of Nursing
0558.htm,Murray State College
0559.htm,Muskingum College
0560.htm,Myotherapy Institute
0561.htm,Napa Valley College
0562.htm,Naropa University
0563.htm,Nash Community College
0564.htm,National American University - Bloomington
0565.htm,National American University - Ellsworth AFB Extension
0566.htm,National American University - Independence
0567.htm,National American University - Rapid City
0568.htm,National College - Lexington
0569.htm,National College - Salem
0570.htm,National College of Business & Technology - Nashville
0571.htm,National College of Business & Technology - Rio Grande
0572.htm,National Graduate School of Quality Management
0573.htm,National Latino Education Institute
0574.htm,National Park Community College
0575.htm,Naugatuck Valley Community College
0576.htm,Navajo Technical College
0577.htm,Navarro College
0578.htm,Nebraska College of Technical Agriculture
0579.htm,Nebraska Wesleyan University
0580.htm,Neosho Beauty College
0581.htm,Neumont University
0582.htm,Nevada Career Institute
0583.htm,Nevada State College
0584.htm,New Age Training
0585.htm,New Castle School of Trades
0586.htm,New Directions Hair Academy
0587.htm,New England College of Business & Finance
0588.htm,New England Culinary Institute at Essex
0589.htm,New England Hair Academy
0590.htm,New England Law - Boston
0591.htm,New England Tractor Trailer Training School - Rhode Island
0592.htm,New Hampshire Institute of Art
0593.htm,New Jersey Institute of Technology
0594.htm,New Mexico Highlands University
0595.htm,New Mexico Institute of Mining & Technology
0596.htm,New Mexico Junior College
0597.htm,New Mexico State University - Dona Ana
0598.htm,New Mexico State University - Grants
0599.htm,New Orleans Baptist Theological Seminary
0600.htm,New Saint Andrews College
0601.htm,New School of Radio & Television
0602.htm,New Wave Hair Academy - Memphis
0603.htm,New York Academy of Art
0604.htm,New York Career Institute
0605.htm,New York College of Traditional Chinese Medicine
0606.htm,New York Conservatory for Dramatic Arts
0607.htm,New York Institute of Technology - Old Westbury
0608.htm,New York International Beauty School Ltd
0609.htm,New York Law School
0610.htm,New York Medical College
0611.htm,Newbridge College - Long Beach
0612.htm,Newbridge College - Santa Ana
0613.htm,Newman University
0614.htm,Newport Business Institute - Williamsport
0615.htm,NHTI - Concord's Community College
0616.htm,Niagara University
0617.htm,Nicholls State University
0618.htm,Nicolet Area Technical College
0619.htm,Norfolk State University
0620.htm,North - West College - Glendale
0621.htm,North - West College - Pomona
0622.htm,North Arkansas College
0623.htm,North Bennet Street School
0624.htm,North Central Kansas Technical College
0625.htm,North Central Michigan College
0626.htm,North Central University
0627.htm,North Dakota State University
0628.htm,North Florida Community College
0629.htm,North Georgia College & State University
0630.htm,North Georgia Technical College
0631.htm,North Hennepin Community College
0632.htm,North Lake College
0633.htm,North Metro Technical College
0634.htm,North Westchester School of Hair - Cosmetology
0635.htm,Northcentral University
0636.htm,Northcoast Medical Training Academy
0637.htm,Northeast Alabama Community College
0638.htm,Northeast Community College
0639.htm,Northeast Iowa Community College - Calmar
0640.htm,Northeast Mississippi Community College
0641.htm,Northeastern Hospital School of Nursing
0642.htm,Northeastern Ohio Universities Colleges of Medicine & Pharmacy
0643.htm,Northeastern Seminary
0644.htm,Northeastern State University
0645.htm,Northern Oklahoma College
0646.htm,Northern Tier Career Center
0647.htm,Northhaven Academy
0648.htm,Northland Career Center
0649.htm,Northland College
0650.htm,Northwest College - Aloha
0651.htm,Northwest College - Powell
0652.htm,Northwest College of Art
0653.htm,Northwest College of Hair Design - Clackamas
0654.htm,Northwest Indian College
0655.htm,Northwest Mississippi Community College
0656.htm,Northwest Nannies Institute
0657.htm,Northwest Regional Technology Institute
0658.htm,Northwest State Community College
0659.htm,Northwest Technical College
0660.htm,Northwest Technical Institute - Springdale
0661.htm,Northwest Technology Center - Fairview
0662.htm,Northwest University
0663.htm,Northwestern College
0664.htm,Northwestern Oklahoma State University
0665.htm,Northwestern Polytechnic University
0666.htm,Northwestern State University of Louisiana
0667.htm,Northwestern Technical College
0668.htm,Northwestern Technological Institute
0669.htm,Norwalk Community College
0670.htm,Nossi College of Art
0671.htm,Nunez Community College
0672.htm,O'More College of Design
0673.htm,Oak Hills Christian College
0674.htm,Oakbridge Academy of Arts
0675.htm,Oblate School of Theology
0676.htm,Ocean County Vocational - Technical School
0677.htm,Ogle School of Hair Design - Arlington
0678.htm,Ogle School of Hair Design - Hurst
0679.htm,Ohio Business College - Sandusky
0680.htm,Ohio Center for Broadcasting - Cincinnati
0681.htm,Ohio College of Massotherapy Inc
0682.htm,Ohio Dominican University
0683.htm,Ohio State College of Barber Styling
0684.htm,Ohio State University - Lima Campus
0685.htm,Ohio State University - Newark Campus
0686.htm,Ohio State University Agricultural Technical Institute
0687.htm,Ohio University - Zanesville Campus
0688.htm,Ohio Valley College of Technology
0689.htm,Ohio Valley Hospital School of Nursing
0690.htm,Ohio Valley University
0691.htm,Oklahoma City University
0692.htm,Oklahoma Health Academy - Tulsa
0693.htm,Oklahoma School of Photography
0694.htm,Oklahoma Wesleyan University
0695.htm,Olivet College
0696.htm,Onondaga Cortland Madison BOCES
0697.htm,Orange - Ulster BOCES - School of Practical Nursing
0698.htm,Oregon Health & Science University
0699.htm,Orlando Culinary Academy
0700.htm,Orleans Niagara BOCES - Practical Nursing Program
0701.htm,Ottawa University - Jeffersonville
0702.htm,Ottawa University - Kansas City
0703.htm,Ottawa University - Milwaukee
0704.htm,Otterbein University
0705.htm,Our Lady of Holy Cross College
0706.htm,Our Lady of the Lake College
0707.htm,Owens Community College
0708.htm,Owensboro Community & Technical College
0709.htm,Oxnard College
0710.htm,Ozark Christian College
0711.htm,Pacific College of Oriental Medicine - New York
0712.htm,Pacific Graduate School of Psychology
0713.htm,Pacific Lutheran Theological Seminary
0714.htm,Pacific Lutheran University
0715.htm,Pacifica Graduate Institute
0716.htm,Paier College of Art Inc
0717.htm,Palmer College of Chiropractic
0718.htm,Panola College
0719.htm,Paramount Beauty Academy
0720.htm,Paris II Educational Center
0721.htm,Parisian Beauty School
0722.htm,Parker College of Chiropractic
0723.htm,Parkland College
0724.htm,Paroba College of Cosmetology
0725.htm,Patricia Stevens College
0726.htm,Patrick Henry Community College
0727.htm,Paul Mitchell the School - Costa Mesa
0728.htm,Paul Mitchell The School - Louisville
0729.htm,Paul Mitchell the School - Nashville
0730.htm,Paul Smiths College of Arts & Science
0731.htm,PC Tech Learning Center
0732.htm,Pellissippi State Technical Community College
0733.htm,Peninsula College
0734.htm,Penn State Berks
0735.htm,Penn State Fayette - Eberly Campus
0736.htm,Penn State Lehigh Valley
0737.htm,Penn State New Kensington
0738.htm,Penn State Schuylkill
0739.htm,Penn State Wilkes - Barre
0740.htm,Pennsylvania Academy of Cosmetology Arts & Sciences - Du Bois
0741.htm,Pennsylvania College of Technology
0742.htm,Pennsylvania Institute of Taxidermy Inc
0743.htm,Pennsylvania Myotherapy Institute
0744.htm,Pensacola School of Massage Therapy & Health Careers
0745.htm,Performance Training
0746.htm,Perry Technical Institute
0747.htm,Pfeiffer University
0748.htm,Phagans Beauty College
0749.htm,Phagans Central Oregon Beauty College
0750.htm,Phagans Medford Beauty School
0751.htm,Phagans School of Beauty
0752.htm,Philadelphia Biblical University - Wisconsin Wilderness
0753.htm,Philadelphia College of Osteopathic Medicine
0754.htm,Philadelphia University
0755.htm,Philander Smith College
0756.htm,Piedmont Baptist College & Graduate School
0757.htm,Pierce College
0758.htm,Pierre's School of Cosmetology
0759.htm,Pine Technical College
0760.htm,Pineville Beauty School
0761.htm,Pinnacle Institute of Cosmetology
0762.htm,Pioneer Pacific College
0763.htm,Pioneer Technology Center
0764.htm,Pittsburg State University
0765.htm,Pittsburgh Theological Seminary
0766.htm,Pivot Point Beauty School - Bloomingdale
0767.htm,PJ's College of Cosmetology - Bowling Green
0768.htm,PJ's College of Cosmetology - Clarksville
0769.htm,PJA School
0770.htm,Platt College - OKC Central Campus
0771.htm,Platt College - Oklahoma City
0772.htm,Platt College - Ontario
0773.htm,Plaza Beauty School
0774.htm,Plymouth State University
0775.htm,Polaris Career Center
0776.htm,Ponce School of Medicine
0777.htm,Pontifical Catholic University of Puerto Rico
0778.htm,Pontifical College Josephinum
0779.htm,Porter & Chester Institute of Branford
0780.htm,Portfolio Center
0781.htm,Portsmouth Beauty School of Hair Design
0782.htm,Practical Nurse Program Canton City Schools
0783.htm,Prairie State College
0784.htm,Praxis Institute
0785.htm,Precision Manufacturing Institute
0786.htm,Presbyterian College
0787.htm,Princeton Theological Seminary
0788.htm,Principia College
0789.htm,Prism Career Institute - Cherry Hill
0790.htm,Prism Career Institute - Philadelphia
0791.htm,Prism Career Institute - West Atlantic City
0792.htm,Professional Beauty School - Sunnyside
0793.htm,Professional Business College
0794.htm,Professional Careers Institute
0795.htm,Professional Golfers Career College
0796.htm,Pruonto's Hair Design Institute Inc
0797.htm,Quinnipiac University
0798.htm,Ralph R Willis Career & Technical Center
0799.htm,Ramirez College of Business & Technology
0800.htm,Randolph Community College
0801.htm,Raphaels School of Beauty Culture Inc - Boardman
0802.htm,Rasmussen College - Mankato
0803.htm,Rasmussen College – Wausau
0804.htm,Reading Area Community College
0805.htm,Reconstructionist Rabbinical College
0806.htm,Red River Technology Center
0807.htm,Redlands Community College
0808.htm,Refrigeration School Inc
0809.htm,Regency Beauty Institute - Darien
0810.htm,Regency Beauty Institute - Maplewood
0811.htm,Regency Beauty Institute - Olathe
0812.htm,Regent University
0813.htm,Regis College
0814.htm,Regis University
0815.htm,Reinhardt College
0816.htm,Remington College - Baton Rouge
0817.htm,Remington College - Cleveland West Campus
0818.htm,Remington College - Houston Campus
0819.htm,Remington College - Memphis Campus
0820.htm,Remington College - Nashville Campus
0821.htm,Remington College - North Houston Campus
0822.htm,Remington College - San Diego Campus
0823.htm,Renaissance School of Therapeutic Massage
0824.htm,Reuben - Allen College
0825.htm,Richland College
0826.htm,Ridgewater College
0827.htm,Ridley - Lowell Business & Technical Institute - Poughkeepsie
0828.htm,Rio Salado College
0829.htm,Rivertown School of Beauty
0830.htm,Robert Morris University Illinois
0831.htm,Robert Paul Academy of Cosmetology Arts & Sciences
0832.htm,Rochester College
0833.htm,Rockefeller University
0834.htm,Rockford College
0835.htm,Rockhurst University
0836.htm,Rockingham Community College
0837.htm,Roger Williams University
0838.htm,Roger Williams University School of Law
0839.htm,Rogers State University
0840.htm,Roman Academy of Beauty Culture
0841.htm,Rose - Hulman Institute of Technology
0842.htm,Rosedale Bible College
0843.htm,Ross Institute of Medical & Dental Technology
0844.htm,Ross Medical Education Center - Ann Arbor
0845.htm,Ross Medical Education Center - Lansing
0846.htm,Rowan - Cabarrus Community College
0847.htm,Roxbury Community College
0848.htm,Rudae's School of Beauty Culture Inc - Kokomo
0849.htm,SAE Institute of Technology - Nashville
0850.htm,Saginaw Valley State University
0851.htm,Saint Charles Borromeo Seminary - Overbrook
0852.htm,Saint Francis Medical Center College of Nursing
0853.htm,Saint Francis Medical Center School of Nursing
0854.htm,Saint Gregorys University
0855.htm,Saint John Vianney College Seminary
0856.htm,Saint John's Seminary
0857.htm,Saint Johns University
0858.htm,Saint Joseph College
0859.htm,Saint Joseph's College of Maine
0860.htm,Saint Josephs College IN
0861.htm,Saint Louis Community College - Florissant Valley
0862.htm,Saint Louis Community College - Wildwood
0863.htm,Saint Martin's University
0864.htm,Saint Mary - of - the - Woods College
0865.htm,Saint Mary's College
0866.htm,Saint Mary's College of California
0867.htm,Saint Paul College - A Community & Technical College
0868.htm,Saint Paul School of Theology
0869.htm,Saint Vladimirs Orthodox Theological Seminary
0870.htm,Salem Community College
0871.htm,Salem International University
0872.htm,Saline County Career Center
0873.htm,Salon Success Academy - Corona
0874.htm,Salter School - Fall River Campus
0875.htm,Samaritan Hospital School of Nursing
0876.htm,Sampson Community College
0877.htm,San Diego City College
0878.htm,San Diego Miramar College
0879.htm,San Joaquin College of Law
0880.htm,San Joaquin Valley College - Fresno Aviation Campus
0881.htm,San Joaquin Valley College - Modesto Campus
0882.htm,San Joaquin Valley College - Rancho Cucamonga
0883.htm,San Joaquin Valley College - Visalia
0884.htm,San Juan Basin Technical College
0885.htm,San Juan College
0886.htm,Sandhills Community College
0887.htm,Sandusky Career Center
0888.htm,Sanford - Brown College - Collinsville
0889.htm,Sanford - Brown College - Hazelwood
0890.htm,Sanford - Brown College - Middleburg Heights
0891.htm,Sanford - Brown College - Vienna
0892.htm,Sanford - Brown Institute - Dallas
0893.htm,Sanford - Brown Institute - Fort Lauderdale
0894.htm,Sanford - Brown Institute - Pittsburgh
0895.htm,Sanford Medical Center
0896.htm,Santa Barbara Business College - Bakersfield
0897.htm,Santa Barbara Business College - Ventura
0898.htm,Sarasota School of Massage Therapy
0899.htm,Savannah School of Massage Therapy
0900.htm,Schenectady County Community College
0901.htm,Schiller International University
0902.htm,School of Visual Arts
0903.htm,Schuyler - Steuben - Chemung - Tioga - Allegany BOCES
0904.htm,Schuylkill Technology Center
0905.htm,Seabury - Western Theological Seminary
0906.htm,Seacoast Career School - Manchester Campus
0907.htm,Seattle Community College - Central Campus
0908.htm,Seminary of the Immaculate Conception
0909.htm,Serbias Technical College
0910.htm,Seton Hill University
0911.htm,Shawnee State University
0912.htm,Shenandoah University
0913.htm,Shepherd University
0914.htm,Sherman College of Straight Chiropractic
0915.htm,Sherman Kendalls Academy of Beauty
0916.htm,Shorter College - Professional Studies
0917.htm,Sierra Nevada College
0918.htm,Sierra Valley Business College
0919.htm,Signature Healthcare Brockton Hospital School of Nursing
0920.htm,Sioux Falls Seminary
0921.htm,Sisseton Wahpeton College
0922.htm,Skagit Valley College
0923.htm,Skinworks School of Advanced Skincare
0924.htm,Skyline College (CA)
0925.htm,Skyline College - Roanoke
0926.htm,Snead State Community College
0927.htm,Sojourner - Douglass College
0928.htm,South Arkansas Community College
0929.htm,South Carolina State University
0930.htm,South Central Career Center
0931.htm,South Coast College
0932.htm,South College - Asheville
0933.htm,South Florida Community College
0934.htm,South Georgia College
0935.htm,South Hills School of Business & Technology
0936.htm,South Louisiana Community College
0937.htm,South Texas Vocational - Technical Institute
0938.htm,South Texas Vocational Technical Institute - McAllen
0939.htm,South University - Savannah
0940.htm,Southeast Kentucky Community & Technical College
0941.htm,Southeast Missouri Hospital College of Nursing & Health Sciences
0942.htm,Southeast Missouri State University
0943.htm,Southeast Texas Career Institute
0944.htm,Southeastern Baptist College
0945.htm,Southeastern Community College - West Burlington
0946.htm,Southeastern Community College - Whiteville
0947.htm,Southeastern School of Neuromuscular Massage - Charleston
0948.htm,Southeastern School of Neuromuscular Massage - Columbia
0949.htm,Southern California College of Optometry
0950.htm,Southern California Institute of Technology
0951.htm,Southern Careers Institute Inc - Corpus Christi
0952.htm,Southern Connecticut State University
0953.htm,Southern Nazarene University
0954.htm,Southern Oregon University
0955.htm,Southern State Community College
0956.htm,Southern Technical College
0957.htm,Southern Union State Community College
0958.htm,Southern University & A & M College
0959.htm,Southern University at Shreveport
0960.htm,Southern Westchester BOCES - Practical Nursing Program
0961.htm,Southside Virginia Community College
0962.htm,Southwest Acupuncture College - Albuquerque
0963.htm,Southwest Acupuncture College - Santa Fe
0964.htm,Southwest College of Naturopathic Medicine & Health Sciences
0965.htm,Southwest Collegiate Institute for the Deaf
0966.htm,Southwest Institute of Healing Arts
0967.htm,Southwest Technology Center
0968.htm,Southwest Texas Junior College
0969.htm,Southwestern Assemblies of God University
0970.htm,Southwestern Baptist Theological Seminary
0971.htm,Southwestern College
0972.htm,Southwestern College - Dayton
0973.htm,Southwestern College - Franklin
0974.htm,Southwestern Community College - Creston
0975.htm,Southwestern Community College - Sylva
0976.htm,Southwestern Law School
0977.htm,Southwestern Michigan College
0978.htm,Southwestern Oklahoma State University
0979.htm,Southwestern Oregon Community College
0980.htm,Sowela Technical Community College
0981.htm,Spa Tech Institute - Plymouth
0982.htm,Spalding University
0983.htm,Sparks College
0984.htm,Spencerian College - Lexington
0985.htm,Spokane Falls Community College
0986.htm,Spring Arbor University
0987.htm,Spring Hill College
0988.htm,St James Mercy Hospital School of Radiologic Science
0989.htm,St Joseph's College of Nursing at St Joseph's Hospital Health Center
0990.htm,St Louis College of Health Careers - Saint Louis
0991.htm,St Luke's College
0992.htm,St Lukes Hospital School of Nursing
0993.htm,St Margaret School of Nursing
0994.htm,St Tikhon's Orthodox Theological Seminary
0995.htm,St Vincent Catholic Medical Center School of Nursing - Brooklyn & Queens
0996.htm,St Vincent's College
0997.htm,St. Anselm College
0998.htm,St. Basil College
0999.htm,St. Bonaventure University
1000.htm,St. Francis College
1001.htm,St. John's Seminary
1002.htm,Stage One - The Hair School
1003.htm,Stanbridge College
1004.htm,Stanly Community College
1005.htm,Star Truck Driving School - Bensenville
1006.htm,Starr King School for Ministry
1007.htm,State Barber & Hair Design College
1008.htm,State College of Beauty Culture Inc
1009.htm,State Fair Community College
1010.htm,State University of New York at Geneseo
1011.htm,State University of New York College at Plattsburgh
1012.htm,State University of New York College at Potsdam
1013.htm,State University of New York College of Environmental Science & Forestry
1014.htm,State University of New York College of Optometry
1015.htm,State University of New York College of Technology at Delhi
1016.htm,State University of New York Empire State College
1017.htm,Stautzenberger College
1018.htm,Stenotype Institute of Jacksonville Inc - Orlando
1019.htm,Sterling College - Sterling
1020.htm,Stillman College
1021.htm,Stone Academy - East Hartford
1022.htm,Stonehill College
1023.htm,Strand College of Hair Design
1024.htm,Stratford University
1025.htm,Studio Jewelers
1026.htm,Suburban Technical School
1027.htm,Suffolk County Community College
1028.htm,Suffolk University
1029.htm,Sullivan County BOCES - Practical Nursing Program
1030.htm,Sullivan County Community College
1031.htm,Summit Career College
1032.htm,Summit Christian College
1033.htm,Sunbridge College
1034.htm,Superior Career Institute
1035.htm,Sussex County Community College
1036.htm,Swedish Institute College of Health Sciences
1037.htm,Tabor College
1038.htm,Tai Sophia Institute
1039.htm,Tarleton State University
1040.htm,Taylor Business Institute
1041.htm,Taylor Technical Institute
1042.htm,Taylor University - Fort Wayne
1043.htm,TCTC Adult Training Center
1044.htm,Technical College of the Lowcountry
1045.htm,Teikyo Loretto Heights University
1046.htm,Temple Baptist Seminary
1047.htm,Temple College
1048.htm,Tennessee Academy of Cosmetology LLC
1049.htm,Tennessee Academy of Cosmetology LLC - Memphis
1050.htm,Tennessee Technology Center at Covington
1051.htm,Tennessee Technology Center at Dickson
1052.htm,Tennessee Technology Center at Jacksboro
1053.htm,Tennessee Technology Center at McKenzie
1054.htm,Tennessee Technology Center at Newbern
1055.htm,Tennessee Technology Center at Oneida - Huntsville
1056.htm,TESST College of Technology - Baltimore
1057.htm,TESST College of Technology - Towson
1058.htm,Texas Careers - Laredo
1059.htm,Texas College
1060.htm,Texas College of Cosmetology - Abilene
1061.htm,Texas School of Business - Friendswood Inc
1062.htm,Texas School of Business - Southwest Inc
1063.htm,Texas State Technical College - Harlingen
1064.htm,Texas Tech University Health Sciences Center
1065.htm,The Academy of Health Care Professions - Houston
1066.htm,The Academy of Health Care Professions - San Antonio
1067.htm,The Academy of Radio & TV Broadcasting
1068.htm,The Art Institute of California - Hollywood
1069.htm,The Art Institute of California - Inland Empire
1070.htm,The Art Institute of California - San Diego
1071.htm,The Art Institute of California - San Francisco
1072.htm,The Art Institute of Cincinnati
1073.htm,The Art Institute of New York City
1074.htm,The Art Institute of Seattle
1075.htm,The Art Institute of Tucson
1076.htm,The Beauty Institute
1077.htm,The Boston Conservatory
1078.htm,The Bryman School of Arizona
1079.htm,The College of Saint Rose
1080.htm,The College of Saint Thomas More
1081.htm,The College of Westchester
1082.htm,The Cooking & Hospitality Institute of Chicago
1083.htm,The Creative Center
1084.htm,The Esani Institute
1085.htm,The Fashion Institute of Design & Merchandising - Orange County
1086.htm,The Fashion Institute of Design & Merchandising - San Diego
1087.htm,The Hair Design School - Florence
1088.htm,The Hair Design School - Highlands
1089.htm,The Illinois Center for Broadcasting
1090.htm,The Illinois Institute of Art - Schaumburg
1091.htm,The Institute for Health Education
1092.htm,The Juilliard School
1093.htm,The Leon Institute of Hair Design
1094.htm,The Master's College & Seminary
1095.htm,The National Hispanic University
1096.htm,The New England Institute of Art
1097.htm,The New School
1098.htm,The Salon Professional Academy - New Hope
1099.htm,The Salon Professional Academy - Williston
1100.htm,Thiel College
1101.htm,Thomas Aquinas College
1102.htm,Thomas Jefferson School of Law
1103.htm,Thomas More College
1104.htm,Thompson Institute
1105.htm,Three Rivers Community College - Poplar Bluff
1106.htm,Tidewater Tech - Trades
1107.htm,Toccoa Falls College
1108.htm,Toledo Public Schools Adult & Continuing Education
1109.htm,Tom P Haney Technical Center
1110.htm,Toni & Guy Hair Academy - Coeur D Alene
1111.htm,Toni & Guy Hairdressing Academy - Colorado Springs
1112.htm,Toni & Guy Hairdressing Academy - Scottsdale
1113.htm,Touch of Class School of Cosmetology
1114.htm,Traviss Career Center
1115.htm,Treasure Valley Community College
1116.htm,Tri - County Adult Career Center
1117.htm,Tri - County Community College
1118.htm,Triangle Tech Inc - Bethlehem
1119.htm,Trinidad State Junior College
1120.htm,Trinity Christian College
1121.htm,Trinity College of Florida
1122.htm,Trinity Law & Graduate School
1123.htm,Trinity Lutheran College
1124.htm,Trinity Lutheran Seminary
1125.htm,Trinity Valley Community College
1126.htm,Triton College
1127.htm,Truman Medical Center School for Nurse Anesthesia
1128.htm,Tulsa Technology Center - Lemley Campus
1129.htm,Tulsa Welding School - Jacksonville Campus
1130.htm,Tusculum College
1131.htm,Twin City Beauty College
1132.htm,Tyler Junior College
1133.htm,Ulster County Community College
1134.htm,Ultimate Medical Academy - Tampa
1135.htm,Union Graduate College
1136.htm,Union Theological Seminary & Presbyterian School of Christian Education
1137.htm,Unitech Training Academy
1138.htm,Unitech Training Academy - West Monroe Campus
1139.htm,United States Air Force Academy
1140.htm,United States Coast Guard Academy
1141.htm,United States Sports Academy
1142.htm,United Theological Seminary
1143.htm,Universal Career Community College Inc
1144.htm,Universal Technical Institute of California Inc
1145.htm,Universal Technical Institute of Massachusetts Inc
1146.htm,Universal Technical Institute of Texas Inc
1147.htm,Universidad Del Este
1148.htm,Universidad Metropolitana
1149.htm,University of Alaska Anchorage
1150.htm,University of Alaska Southeast
1151.htm,University of Arkansas - Fort Smith
1152.htm,University of Arkansas at Pine Bluff
1153.htm,University of Arkansas Community College - Batesville
1154.htm,University of Arkansas Community College - Morrilton
1155.htm,University of Cincinnati - Clermont College
1156.htm,University of Cincinnati - Raymond Walters College
1157.htm,University of Colorado Denver
1158.htm,University of Dallas
1159.htm,University of Detroit Mercy
1160.htm,University of Great Falls
1161.htm,University of Hawaii - Manoa
1162.htm,University of Hawaii - West Oahu
1163.htm,University of Indianapolis
1164.htm,University of La Verne
1165.htm,University of Maine at Fort Kent
1166.htm,University of Maine at Machias
1167.htm,University of Maine at Presque Isle
1168.htm,University of Massachusetts - Boston
1169.htm,University of Massachusetts - Lowell
1170.htm,University of Medicine & Dentistry of New Jersey
1171.htm,University of Michigan - Dearborn
1172.htm,University of Missouri - Kansas City
1173.htm,University of Missouri - St Louis
1174.htm,University of Montana - Western
1175.htm,University of Montevallo
1176.htm,University of New Mexico - Gallup Campus
1177.htm,University of New Mexico - Valencia County Branch
1178.htm,University of New Orleans
1179.htm,University of North Carolina - Wilmington
1180.htm,University of North Carolina at Asheville
1181.htm,University of North Dakota
1182.htm,University of North Texas Health Science Center
1183.htm,University of Phoenix - Atlanta Campus
1184.htm,University of Phoenix - Chattanooga Campus
1185.htm,University of Phoenix - Chicago Campus
1186.htm,University of Phoenix - Cleveland Campus
1187.htm,University of Phoenix - Columbia Campus
1188.htm,University of Phoenix - Columbus Georgia Campus
1189.htm,University of Phoenix - Harrisburg Campus
1190.htm,University of Phoenix - Idaho Campus
1191.htm,University of Phoenix - Memphis Campus
1192.htm,University of Phoenix - Metro Detroit Campus
1193.htm,University of Phoenix - Minneapolis/St Paul Campus
1194.htm,University of Phoenix - Nashville Campus
1195.htm,University of Phoenix - Online Campus
1196.htm,University of Phoenix - Pittsburgh Campus
1197.htm,University of Phoenix - Raleigh Campus
1198.htm,University of Phoenix - Savannah Campus
1199.htm,University of Phoenix - Southern Arizona Campus
1200.htm,University of Phoenix - West Florida Campus
1201.htm,University of Phoenix - West Michigan Campus
1202.htm,University of Pittsburgh - Bradford
1203.htm,University of Pittsburgh - Johnstown
1204.htm,University of Puerto Rico
1205.htm,University of Puerto Rico - Carolina
1206.htm,University of Puerto Rico - Medical Sciences Campus
1207.htm,University of Puerto Rico - Utuado
1208.htm,University of Redlands
1209.htm,University of Rio Grande
1210.htm,University of Sacred Heart
1211.htm,University of Saint Mary
1212.htm,University of Scranton
1213.htm,University of South Carolina - Aiken
1214.htm,University of Southern Nevada
1215.htm,University of St Francis
1216.htm,University of St Thomas - Minnesota
1217.htm,University of Tennessee - Martin
1218.htm,University of Texas - Pan American
1219.htm,University of Texas at Tyler
1220.htm,University of Texas Health Science Center at San Antonio
1221.htm,University of Texas of the Permian Basin
1222.htm,University of the Arts
1223.htm,University of the Cumberlands
1224.htm,University of the District of Columbia
1225.htm,University of the Ozarks
1226.htm,University of the Pacific
1227.htm,University of the Virgin Islands
1228.htm,University of Tulsa
1229.htm,University of West Florida
1230.htm,University of West Georgia
1231.htm,University of Wisconsin - Eau Claire
1232.htm,University of Wisconsin - La Crosse
1233.htm,University of Wisconsin - Milwaukee
1234.htm,University of Wisconsin - Platteville
1235.htm,University of Wisconsin Colleges
1236.htm,University of Wyoming
1237.htm,UPMC Presbyterian Shadyside Dietetic Internship
1238.htm,Upper Cape Cod Regional Technical School
1239.htm,Upper Iowa University
1240.htm,Upper Valley Joint Vocational School
1241.htm,Urban College of Boston
1242.htm,USA Beauty School International
1243.htm,Utah Career College
1244.htm,Utah Career College - Layton
1245.htm,Utica College
1246.htm,Cabell County Career Technology Center
1247.htm,Cain's Barber College Inc
1248.htm,Caldwell Community College & Technical Institute
1249.htm,California Career School
1250.htm,California Christian College
1251.htm,California Cosmetology College
1252.htm,California Healing Arts College
1253.htm,California Lutheran University
1254.htm,California Maritime Academy
1255.htm,California School of Culinary Arts
1256.htm,California State University - Channel Islands
1257.htm,California State University - East Bay
1258.htm,California State University - Fresno
1259.htm,California State University - Los Angeles
1260.htm,California State University - San Bernardino
1261.htm,California Western School of Law
1262.htm,Calvary Baptist Theological Seminary
1263.htm,Calvin Theological Seminary
1264.htm,Cambria - Rowe Business College - Johnstown
1265.htm,Cambridge Institute of Allied Health
1266.htm,Camelot College
1267.htm,Cameo College of Essential Beauty
1268.htm,Cameron College
1269.htm,Cameron University
1270.htm,Canadian Valley Technology Center
1271.htm,Cankdeska Cikana Community College
1272.htm,Cannella School of Hair Design - Blue Island
1273.htm,Cannella School of Hair Design - Chicago 2
1274.htm,Cannella School of Hair Design - Villa Park
1275.htm,Capitol College
1276.htm,Capitol School of Hairstyling
1277.htm,Capri College - Cedar Rapids
1278.htm,Capri College - Davenport
1279.htm,Capri Institute of Hair Design - Clifton
1280.htm,Capri School of Hair Design
1281.htm,Cardinal Stritch University
1282.htm,Career Academy
1283.htm,Career Academy of New York
1284.htm,Career Centers of Texas - Ft Worth
1285.htm,Career College of Northern Nevada
1286.htm,Career Institute of Health & Technology - Garden City
1287.htm,Career Quest
1288.htm,Career Technical College - Monroe
1289.htm,Career Technology Center of Lackawanna County
1290.htm,Career Training Academy - Monroeville
1291.htm,Career Training Solutions
1292.htm,Caribbean Forensic & Technical College
1293.htm,Caribbean University - Carolina
1294.htm,Caribbean University - Ponce
1295.htm,Caribbean University - Vega Baja
1296.htm,Carl Sandburg College
1297.htm,Carlos Albizu University - San Juan
1298.htm,Carnegie Institute of Integrative Medicine & Massotherapy
1299.htm,Carolina Beauty College 4
1300.htm,Carolina Christian College
1301.htm,Carolinas College of Health Sciences
1302.htm,Carousel Beauty College - Dayton
1303.htm,Carroll College
1304.htm,Cascade College
1305.htm,Casper College
1306.htm,Castleton State College
1307.htm,Catawba Valley Community College
1308.htm,Catherine Hinds Institute of Esthetics
1309.htm,Cayuga County Community College
1310.htm,CCI Training Center
1311.htm,Cecil College
1312.htm,Centenary College
1313.htm,Central Arizona College
1314.htm,Central Baptist College
1315.htm,Central Bible College
1316.htm,Central Career School
1317.htm,Central Carolina Technical College
1318.htm,Central Coast College
1319.htm,Central Community College
1320.htm,Central Lakes College - Brainerd
1321.htm,Central Maine Community College
1322.htm,Central Maine Medical Center College of Nursing & Health Professions
1323.htm,Central Michigan University
1324.htm,Central Piedmont Community College
1325.htm,Central School of Practical Nursing - Cleveland
1326.htm,Central Technology Center
1327.htm,Central Texas Beauty College - Temple
1328.htm,Central Virginia Community College
1329.htm,Centralia College
1330.htm,Centro de Estudios Multidisciplinarios - Humacao
1331.htm,Centura College
1332.htm,Centura College - Chesapeake
1333.htm,Centura College - Newport News
1334.htm,Century College
1335.htm,Chabot College
1336.htm,Chadron State College
1337.htm,Chamberlain College of Nursing–St. Louis Campus
1338.htm,Chancellor University
1339.htm,Charles E Gregory School of Nursing
1340.htm,Charleston School of Massage
1341.htm,Charleston Southern University
1342.htm,Charlie's Guard - Detective Bureau & Academy Inc
1343.htm,Chatfield College
1344.htm,Chattahoochee Technical College
1345.htm,Chattahoochee Valley Community College
1346.htm,Chesapeake College
1347.htm,Chester College of New England
1348.htm,Chicago School of Professional Psychology
1349.htm,Chicago State University
1350.htm,Chicago Theological Seminary
1351.htm,Chillicothe Beauty Academy Inc
1352.htm,Chipola College
1353.htm,Chisholm Trail Technology Center
1354.htm,Choffin Career & Technical Center
1355.htm,Chris Beauty College
1356.htm,Christ the King Seminary
1357.htm,Christian Brothers University
1358.htm,Christopher Newport University
1359.htm,Church Divinity School of the Pacific
1360.htm,Circle in the Square Theater School
1361.htm,City College Branch Campus
1362.htm,City Colleges of Chicago - Kennedy - King College
1363.htm,City Colleges of Chicago - Malcolm X College
1364.htm,City Colleges of Chicago - Richard J Daley College
1365.htm,City of Hope Graduate School of Biological Sciences
1366.htm,City University of Seattle
1367.htm,Clackamas Community College
1368.htm,Claremore Beauty College
1369.htm,Clarendon College
1370.htm,Clarion University of Pennsylvania
1371.htm,Clarita Career College
1372.htm,Clark College
1373.htm,Clark State Community College
1374.htm,Clarkson University
1375.htm,Clary Sage College
1376.htm,Clatsop Community College
1377.htm,Clearwater Christian College
1378.htm,Clemens College
1379.htm,Cleveland Chiropractic College
1380.htm,Cleveland Clinic Health System - School of Diagnostic Imaging
1381.htm,Cleveland Community College
1382.htm,Cleveland Institute of Art
1383.htm,Cleveland Institute of Dental - Medical Assistants - Mentor
1384.htm,Cleveland Institute of Music
1385.htm,Clinton Community College
1386.htm,Clinton Junior College
1387.htm,Clover Park Technical College
1388.htm,Coahoma Community College
1389.htm,Coastal Carolina Community College
1390.htm,Coastal Carolina University
1391.htm,Cobb Beauty College Inc
1392.htm,Coker College
1393.htm,Colby-Sawyer College
1394.htm,Colegio Pentecostal Mizpa
1395.htm,Colegio Universitario de San Juan
1396.htm,Colgate Rochester Crozer Divinity School
1397.htm,College America - Denver
1398.htm,College America - Flagstaff
1399.htm,College America - Fort Collins
1400.htm,College for Technical Education
1401.htm,College of Biblical Studies - Houston
1402.htm,College of Business & Technology
1403.htm,College of Business & Technology - Hialeah Campus
1404.htm,College of Court Reporting Inc
1405.htm,College of Menominee Nation
1406.htm,College of Mount St. Joseph
1407.htm,College of Saint Benedict & St. John's University
1408.htm,College of Santa Fe at Albuquerque
1409.htm,College of Southern Maryland
1410.htm,College of the Ozarks
1411.htm,Colorado School of Trades
1412.htm,Colorado Technical University - Greenwood Village
1413.htm,Colorado Technical University - North Kansas City
1414.htm,Colorado Technical University of Sioux Falls
1415.htm,Columbia - Greene Community College
1416.htm,Columbia Area Vocational Technical School
1417.htm,Columbia Basin College
1418.htm,Columbia College - Missouri
1419.htm,Columbia College Hollywood
1420.htm,Columbia Gorge Community College
1421.htm,Columbia Theological Seminary
1422.htm,Commercial Diving Academy
1423.htm,Community Based Education & Development DBA CBD College
1424.htm,Community Christian College
1425.htm,Community College of Aurora
1426.htm,Community College of Beaver County
1427.htm,Community College of Philadelphia
1428.htm,Compass Career College
1429.htm,Compu - Med Vocational Careers Corp
1430.htm,Computer Labs
1431.htm,Conception Seminary College
1432.htm,Concorde Career College - North Hollywood
1433.htm,Concorde Career Colleges - Arlington
1434.htm,Concordia College - Bronxville
1435.htm,Concordia College at Moorhead
1436.htm,Concordia Theological Seminary
1437.htm,Concordia University - Ann Arbor
1438.htm,Concordia University - Saint Paul
1439.htm,Concordia University - Seward
1440.htm,Concordia University Texas
1441.htm,Conemaugh Valley Memorial Hospital
1442.htm,Connecticut Center for Massage Therapy - Newington
1443.htm,Connecticut Culinary Institute - Hartford
1444.htm,Connecticut Training Centers Inc
1445.htm,Continental Academie of Hair Design - Hudson
1446.htm,Continental School of Beauty Culture - Buffalo
1447.htm,Converse College
1448.htm,Conway School of Landscape Design
1449.htm,Cooper Health System Center for Allied Health Education
1450.htm,Coosa Valley Technical College
1451.htm,Copper Mountain Community College
1452.htm,Coppin State University
1453.htm,Cortiva Institute - Chicago
1454.htm,Cortiva Institute - Pennsylvania School of Muscle Therapy
1455.htm,Cosmetology Careers Unlimited - Hibbing
1456.htm,Cossatot Community College of the University of Arkansas
1457.htm,Court Reporting Institute of Louisiana
1458.htm,Cowley County Community College
1459.htm,Crafton Hills College
1460.htm,Cranbrook Academy of Art
1461.htm,Crawford County Area Vocational Technical School Practical Nursing Program
1462.htm,Creations College of Cosmetology
1463.htm,Creative Hair Styling Academy Inc
1464.htm,Crimson Technical College
1465.htm,Crossroads College
1466.htm,Crums Beauty College
1467.htm,Culinary Academy of Austin
1468.htm,Culinary Institute of America
1469.htm,Cumberland County College
1470.htm,Cumberland University
1471.htm,CUNY College of Staten Island
1472.htm,CUNY John Jay College Criminal Justice
1473.htm,CUNY Medgar Evers College
1474.htm,CUNY School of Law at Queens College
1475.htm,Cuyamaca College
1476.htm,Valdosta Technical College
1477.htm,Valley City State University
1478.htm,Valley College - Princeton
1479.htm,Valley Forge Military College
1480.htm,Vanguard College of Cosmetology
1481.htm,Vantage Career Center
1482.htm,Vatterott Career College - Memphis
1483.htm,Vatterott College - Quincy
1484.htm,Vatterott College - Saint Joseph
1485.htm,Vatterott College - Spring Valley Campus
1486.htm,Vatterott College - Sunset Hills
1487.htm,Vatterott College - Tulsa
1488.htm,Vatterott College - Wichita
1489.htm,Velma B's Beauty Academy
1490.htm,Ventura College
1491.htm,Vermont Law School
1492.htm,Victor Valley College
1493.htm,Virginia College - Huntsville
1494.htm,Virginia College - Jackson
1495.htm,Virginia Farrell Beauty School - Ferndale
1496.htm,Virginia Farrell Beauty School - Livonia
1497.htm,Virginia Marti College of Art & Design
1498.htm,Virginia Military Institute
1499.htm,Virginia School of Massage
1500.htm,Virginia State University
1501.htm,Virginia University of Lynchburg
1502.htm,Visible School - Music & Worships Arts College
1503.htm,Voorhees College
1504.htm,Walden University
1505.htm,Waldorf College
1506.htm,Walla Walla University
1507.htm,Warner Pacific College
1508.htm,Wartburg Theological Seminary
1509.htm,Washburn University
1510.htm,Washington - Holmes Technical Center
1511.htm,Washington College
1512.htm,Washtenaw Community College
1513.htm,Watts School of Nursing
1514.htm,Waukesha County Technical College
1515.htm,Wayne Community College
1516.htm,Wayne State College
1517.htm,Weatherford College
1518.htm,Webber International University
1519.htm,Webster University
1520.htm,Wenatchee Valley College
1521.htm,Wes Watkins Technology Center
1522.htm,Wesley College - Florence
1523.htm,Wesleyan College
1524.htm,West Central Technical College
1525.htm,West Coast University
1526.htm,West Georgia Technical College
1527.htm,West Shore Community College
1528.htm,West Tennessee Business College
1529.htm,West Texas A & M University
1530.htm,West Virginia Wesleyan College
1531.htm,Western Beauty Institute
1532.htm,Western Career College - Emeryville
1533.htm,Western Career College - Sacramento
1534.htm,Western Carolina University
1535.htm,Western Iowa Tech Community College
1536.htm,Western Nebraska Community College
1537.htm,Western Nevada College
1538.htm,Western Pennsylvania Hospital School of Nursing
1539.htm,Western Seminary
1540.htm,Western State University - College of Law - Argosy
1541.htm,Western Suffolk BOCES
1542.htm,Western Texas College
1543.htm,Western Theological Seminary
1544.htm,Westminster College
1545.htm,Westminster College of Salt Lake City
1546.htm,Westminster Theological Seminary
1547.htm,Westminster Theological Seminary in California
1548.htm,Westmont College
1549.htm,Westwood College - Anaheim
1550.htm,Westwood College - Arlington Ballston
1551.htm,Westwood College - Atlanta Midtown
1552.htm,Westwood College - Chicago Loop
1553.htm,Westwood College - Denver North
1554.htm,Westwood College - Dupage
1555.htm,Westwood College - Houston South
1556.htm,Westwood College - South Bay
1557.htm,Wharton County Junior College
1558.htm,Wheeling Jesuit University
1559.htm,White Mountains Community College
1560.htm,Whitworth University
1561.htm,Wichita Technical Institute
1562.htm,Wilkes Community College
1563.htm,William Jessup University
1564.htm,Williams Baptist College
1565.htm,Williston State College
1566.htm,Wilmington University
1567.htm,Windward Community College
1568.htm,Wisconsin Indianhead Technical College
1569.htm,Won Institute of Graduate Studies
1570.htm,Wood Tobe - Coburn School
1571.htm,Woodbury University
1572.htm,Worcester Polytechnic Institute
1573.htm,Word of Life Bible Institute
1574.htm,Wyotech - Fremont
1575.htm,Xenon International Academy - Aurora
1576.htm,Xenon International Academy II Inc
1577.htm,Yakima Valley Community College
1578.htm,Yeshiva University
1579.htm,Yorktowne Business Institute
1580.htm,YTI Career Institute - Mechanicsburg
1581.htm,YTI Career Institute - York
1582.htm,Zane State College
1583.htm,Zion Bible College
1584.htm,D'Youville College
1585.htm,DabneyLancaster Community College
1586.htm,Dade Medical College
1587.htm,Dakota Wesleyan University
1588.htm,Dallas Baptist University
1589.htm,Dallas Christian College
1590.htm,Dana College
1591.htm,Danville Regional Medical Center School of Health Professions
1592.htm,Davenport University
1593.htm,David Demuth Institute of Cosmetology
1594.htm,Davis & Elkins College
1595.htm,Davis College - Toledo
1596.htm,Dawn Training Centre
1597.htm,Daymar College - Chillicothe
1598.htm,Daymar College - Jackson
1599.htm,Daymar College - Paducah
1600.htm,Daymar College - Paducah Main
1601.htm,Daytona College
1602.htm,Dekalb Technical College
1603.htm,Delaware County Technical School - Practical Nursing Program
1604.htm,Delaware Technical & Community College - Owens
1605.htm,Delaware Technical & Community College - Terry
1606.htm,Delaware Valley College
1607.htm,Delmarva Beauty Academy
1608.htm,Delta College of Arts & Technology
1609.htm,Des Moines Area Community College
1610.htm,Des Moines University - Osteopathic Medical Center
1611.htm,Design Institute of San Diego
1612.htm,Detroit Business Institute - Southfield
1613.htm,DeVry University - Arizona
1614.htm,DeVry University - Maryland
1615.htm,DeVry University - New Jersey
1616.htm,DeVry University - New York
1617.htm,DeVry University - North Carolina
1618.htm,DeVry University - Utah
1619.htm,DeVry University - Washington
1620.htm,Diesel Driving Academy - Shreveport
1621.htm,Dine College
1622.htm,Divers Institute of Technology
1623.htm,Divine Word College
1624.htm,Dominican College of Blauvelt
1625.htm,Draughons Junior College - Bowling Green
1626.htm,Draughons Junior College - Clarksville
1627.htm,Draughons Junior College - Murfreesboro
1628.htm,Drew University
1629.htm,Drury University
1630.htm,Du Bois Business College - Du Bois
1631.htm,Dunwoody College of Technology
1632.htm,Durham Technical Community College
1633.htm,Dutchess Community College
1634.htm,Eagle Gate College - Murray
1635.htm,East Arkansas Community College
1636.htm,East Central Community College
1637.htm,East Central Technical College
1638.htm,East San Gabriel Valley Regional Occupational Program
1639.htm,East West College of Natural Medicine
1640.htm,East West College of the Healing Arts
1641.htm,Eastern Arizona College
1642.htm,Eastern Connecticut State University
1643.htm,Eastern Idaho Technical College
1644.htm,Eastern Kentucky University
1645.htm,Eastern Nazarene College
1646.htm,Eastern New Mexico University
1647.htm,Eastern Oklahoma County Technology Center
1648.htm,Eastern School of Acupuncture & Traditional Medicine
1649.htm,Eastern School of Fretted Instrument Repair
1650.htm,Eastern University
1651.htm,Eastern Washington University
1652.htm,Eastern West Virginia Community & Technical College
1653.htm,Eastwick College
1654.htm,Eden Theological Seminary
1655.htm,Edgecombe Community College
1656.htm,Edmonds Community College
1657.htm,EDP College of Puerto Rico Inc - San Juan
1658.htm,Educators of Beauty - Sterling
1659.htm,Elaine Steven Beauty College
1660.htm,Elegance International
1661.htm,Elgin Community College
1662.htm,Ellsworth Community College
1663.htm,Elmhurst College
1664.htm,Elmira Business Institute
1665.htm,Elmira College
1666.htm,Embry Riddle Aeronautical University - Prescott
1667.htm,Emily Griffith Opportunity School
1668.htm,Emmas Beauty Academy - Mayaguez
1669.htm,Empire Beauty School - Appleton
1670.htm,Empire Beauty School - Avondale
1671.htm,Empire Beauty School - Chandler
1672.htm,Empire Beauty School - Concord
1673.htm,Empire Beauty School - Exton
1674.htm,Empire Beauty School - Flagstaff
1675.htm,Empire Beauty School - Green Bay
1676.htm,Empire Beauty School - Hooksett
1677.htm,Empire Beauty School - Lancaster
1678.htm,Empire Beauty School - Michigan
1679.htm,Empire Beauty School - Paradise Valley
1680.htm,Empire Beauty School - Philadelphia Woodhaven Rd
1681.htm,Empire Beauty School - Queens
1682.htm,Empire Beauty School - Somersworth
1683.htm,Empire Beauty School - Tucson
1684.htm,Erie 1 BOCES
1685.htm,Erie 2 Chautauqua Cattaraugus BOCES - Practical Nursing Program
1686.htm,Erie Institute of Technology Inc
1687.htm,Escuela Hotelera de San Juan
1688.htm,Eugene Bible College
1689.htm,European Massage Therapy School
1690.htm,Everest College - Alhambra
1691.htm,Everest College - Anaheim
1692.htm,Everest College - Arlington TX
1693.htm,Everest College - Colorado Springs
1694.htm,Everest College - Everett
1695.htm,Everest College - Fort Worth
1696.htm,Everest College - Gardena
1697.htm,Everest College - Mesa
1698.htm,Everest College - Newport News
1699.htm,Everest College - Ontario
1700.htm,Everest College - Ontario Metro
1701.htm,Everest College - Portland
1702.htm,Everest College - San Jose
1703.htm,Everest College - Skokie
1704.htm,Everest College - Springfield Campus
1705.htm,Everest College - Thornton
1706.htm,Everest College - Torrance
1707.htm,Everest College - Vancouver
1708.htm,Everest Institute - Chesapeake
1709.htm,Everest Institute - Eagan
1710.htm,Everest Institute - Jonesboro
1711.htm,Everest Institute - Kendall
1712.htm,Everest Institute - South Plainfield
1713.htm,Everest Institute - Tigard
1714.htm,Everest University - Brandon
1715.htm,Everest University - Jacksonville
1716.htm,Everest University - Lakeland
1717.htm,Everest University - North Orlando
1718.htm,Everest University - Pompano Beach
1719.htm,Everett Community College
1720.htm,Everglades University
1721.htm,Ex - Pression College for Digital Arts
1722.htm,Fairleigh Dickinson University - College at Florham
1723.htm,Family of Faith College
1724.htm,Farmingdale State College
1725.htm,Faust Institute of Cosmetology - Spirit Lake
1726.htm,Faxton - St Luke's Healthcare School of Radiologic Technology
1727.htm,Fayette County Area Vocational - Technical School - Practical Nursing Program
1728.htm,Fayette Institute of Technology
1729.htm,Fayetteville Beauty College - Arkansas
1730.htm,Fayetteville College of Cosmetology Arts & Sciences
1731.htm,Fayetteville State University
1732.htm,Ferrum College
1733.htm,FINE Mortuary College LLC
1734.htm,First Coast Technical College
1735.htm,First Institute Inc
1736.htm,Fitchburg State College
1737.htm,Flagler College - Tallahassee
1738.htm,Flathead Valley Community College
1739.htm,Flint Hills Technical College
1740.htm,Florida Career College - Clearwater
1741.htm,Florida Career Institute Inc
1742.htm,Florida College of Integrative Medicine
1743.htm,Florida College of Natural Health - Maitland
1744.htm,Florida College of Natural Health - Pompano Beach
1745.htm,Florida Education Center
1746.htm,Florida Institute of Ultrasound Inc
1747.htm,Florida Keys Community College
1748.htm,Florida Memorial University
1749.htm,Florida Technical College of Jacksonville Inc
1750.htm,Fontbonne University
1751.htm,Foothill College
1752.htm,Fort Belknap College
1753.htm,Fort Scott Community College
1754.htm,Fort Worth Beauty School
1755.htm,Fortis College - Mobile
1756.htm,Fountainhead College of Technology
1757.htm,Franciscan School of Theology
1758.htm,Franklin Beauty School
1759.htm,Franklin Pierce Law Center
1760.htm,Franklin Technology - MSSU
1761.htm,Franklin W. Olin College of Engineering
1762.htm,Fresno Pacific University
1763.htm,Friends University
1764.htm,Frontier School of Midwifery & Family Nursing
1765.htm,Gadsden State Community College
1766.htm,Gainesville State College
1767.htm,Galen College of Nursing - San Antonio
1768.htm,Galen School of Nursing - Tampa Bay
1769.htm,Gallaudet University
1770.htm,Gallipolis Career College
1771.htm,Galveston College
1772.htm,Gaston College
1773.htm,Gavilan College
1774.htm,Gem City College
1775.htm,Gene Juarez Academy of Beauty - Branch Campus
1776.htm,George C Wallace Community College - Dothan
1777.htm,George Stone Career Center
1778.htm,George T Baker Aviation School
1779.htm,Georgia College & State University
1780.htm,Georgia Institute of Cosmetology
1781.htm,Georgia Military College - Augusta Campus
1782.htm,Georgia Military College - Columbus Campus
1783.htm,Georgia Military College - Valdosta Campus
1784.htm,Georgia Military College - Warner Robins Campus
1785.htm,Gerbers Akron Beauty School
1786.htm,Gibbs College - Boston
1787.htm,Gibbs College - Cranston
1788.htm,Glen Oaks Community College
1789.htm,Glenwood Beauty Academy
1790.htm,Gloucester County College
1791.htm,Gogebic Community College
1792.htm,Golden Gate University - San Francisco
1793.htm,Gooding Institute of Nurse Anesthesia
1794.htm,Goodwin College
1795.htm,Gordon College - Wenham
1796.htm,Goshen College
1797.htm,Governors State University
1798.htm,Grabber School of Hair Design
1799.htm,Grace College & Theological Seminary
1800.htm,Grady Health System Professional Schools
1801.htm,Graham Webb International Academy of Hair
1802.htm,Grand River Technical School
1803.htm,Grantham University
1804.htm,Gratz College
1805.htm,Grayson County College
1806.htm,Great Lakes Christian College
1807.htm,Great Plains Technology Center
1808.htm,Green Mountain College
1809.htm,Greene County Career Center
1810.htm,Greenfield Community College
1811.htm,Greenville Technical College
1812.htm,Greenwood Academy of Hair
1813.htm,Gulf Coast Community College
1814.htm,Guy's Shreveport Academy of Cosmetology Inc
1815.htm,Gwinnett College - Sandy Springs
1816.htm,Hair Academy Inc - New Carrollton
1817.htm,Hair Dynamics Education Center
1818.htm,Hair Expressions Academy
1819.htm,Hair Professionals Academy of Cosmetology - West Dundee
1820.htm,Hair Professionals Academy of Cosmetology - Wheaton
1821.htm,Halifax Community College
1822.htm,Hamrick School
1823.htm,Hannibal Career & Technical Center
1824.htm,Harcum College
1825.htm,Harris - Stowe State University
1826.htm,Harris School of Business - Dover
1827.htm,Harris School of Business - Linwood Campus
1828.htm,Harrisburg Area Community College - Gettysburg
1829.htm,Harrisburg Area Community College - Harrisburg
1830.htm,Harrisburg University of Science & Technology
1831.htm,Hays Academy of Hair Design
1832.htm,Hazleton Area Career Center
1833.htm,Heald College - Hayward
1834.htm,Heald College - Honolulu
1835.htm,Heald College - Stockton
1836.htm,Healing Arts Institute
1837.htm,Health Works Institute
1838.htm,Hebrew College
1839.htm,Hebrew Theological College
1840.htm,Hebrew Union College - Jewish Institute of Religion - Los Angeles
1841.htm,Hebrew Union College - Jewish Institute of Religion - New York
1842.htm,Heidelberg University
1843.htm,Hellenic College - Holy Cross Greek Orthodox School of Theology
1844.htm,Hendrix College
1845.htm,Hennepin Technical College
1846.htm,Henry Ford Community College
1847.htm,Heritage Christian University
1848.htm,Heritage College - Denver
1849.htm,Heritage Institute - Ft Myers
1850.htm,Heritage University
1851.htm,Heritage Valley Sewickley School of Nursing
1852.htm,Hesston College
1853.htm,Hibbing Community College - A Technical & Community College
1854.htm,Hickey College
1855.htm,High - Tech Institute - Las Vegas
1856.htm,High - Tech Institute - Memphis
1857.htm,High Plains Technology Center
1858.htm,Hillsdale College
1859.htm,Hillsdale Free Will Baptist College
1860.htm,Hillyard Technical Center
1861.htm,Hinds Community College
1862.htm,Hobart & William Smith Colleges
1863.htm,HoHoKus - Hackensack School of Business & Medical Sciences
1864.htm,Hohokus School - RETS Nutley
1865.htm,Hohokus School of Trade & Technical Sciences
1866.htm,Holmes Community College
1867.htm,Holy Family University
1868.htm,Holyoke Community College
1869.htm,Honolulu Community College
1870.htm,Houston Baptist University
1871.htm,Howard College
1872.htm,Hudson Valley School of Advanced Aesthetic Skin Care
1873.htm,Humacao Community College
1874.htm,Humphreys College - Stockton
1875.htm,Huntingdon County Career & Technology Center
1876.htm,Hussian School of Art
1877.htm,Husson University
1878.htm,Huston - Tillotson University
1879.htm,Hypnosis Motivation Institute
1880.htm,ICC Technical Institute
1881.htm,IIA College - Albuquerque
1882.htm,Illinois Central College
1883.htm,Illinois School of Health Careers - O'Hare Campus
1884.htm,Independence Community College
1885.htm,Indian Capital Technology Center - Tahlequah
1886.htm,Indiana Business College - Anderson
1887.htm,Indiana Business College - Elkhart
1888.htm,Indiana Business College - Evansville
1889.htm,Indiana Business College - Ft Wayne
1890.htm,Indiana Business College - Medical
1891.htm,Indiana Business College - Northwest
1892.htm,Indiana Business College - Terre Haute
1893.htm,Indiana Institute of Technology
1894.htm,Indiana University - East
1895.htm,Indiana University - Purdue University - Fort Wayne
1896.htm,Indiana University - Southeast
1897.htm,Industrial Management Training Institute
1898.htm,Institute for Business & Technology
1899.htm,Institute for the Psychological Sciences
1900.htm,Institute of American Indian & Alaska Native Culture
1901.htm,Institute of Audio Research
1902.htm,Institute of Clinical Acupuncture & Oriental Med
1903.htm,Intellitec Medical Institute
1904.htm,Inter American University of Puerto Rico - Aguadilla
1905.htm,Inter American University of Puerto Rico - Bayamon
1906.htm,Inter American University of Puerto Rico - Fajardo
1907.htm,Inter American University of Puerto Rico - San German
1908.htm,Inter American University of Puerto Rico - School of Law
1909.htm,Interactive College of Technology - Gainesville
1910.htm,Interactive Learning Systems - Houston
1911.htm,Intercoast Career Institute
1912.htm,Intercoast Colleges - Burbank
1913.htm,Intercoast Colleges - Riverside
1914.htm,Interface College - Spokane
1915.htm,Interior Designers Institute
1916.htm,International Academy
1917.htm,International Academy of Design & Technology - San Antonio
1918.htm,International Academy of Design & Technology - Troy
1919.htm,International Academy of Hair Design - Chandler
1920.htm,International Academy of Hair Design - Cincinatti
1921.htm,International Baptist College
1922.htm,International Beauty College
1923.htm,International Beauty School - Bel Air
1924.htm,International Business College - El Paso
1925.htm,International Business College - Fort Wayne
1926.htm,International Institute for Restorative Practices
1927.htm,International Technical College
1928.htm,Inver Hills Community College
1929.htm,Iowa Lakes Community College
1930.htm,Iowa School of Beauty - Sioux City
1931.htm,Irvine Valley College
1932.htm,Isabella G Hart School of Practical Nursing
1933.htm,Isothermal Community College
1934.htm,Itasca Community College
1935.htm,ITT Technical Institute - Anaheim
1936.htm,ITT Technical Institute - Atlanta
1937.htm,ITT Technical Institute - Charlotte
1938.htm,ITT Technical Institute - Cordova
1939.htm,ITT Technical Institute - Duluth
1940.htm,ITT Technical Institute - Earth City
1941.htm,ITT Technical Institute - Eden Prairie
1942.htm,ITT Technical Institute - Everett
1943.htm,ITT Technical Institute - Getzville
1944.htm,ITT Technical Institute - Green Bay
1945.htm,ITT Technical Institute - Harrisburg
1946.htm,ITT Technical Institute - Hilliard
1947.htm,ITT Technical Institute - Kennesaw
1948.htm,ITT Technical Institute - King of Prussia
1949.htm,ITT Technical Institute - Lathrop
1950.htm,ITT Technical Institute - Liverpool
1951.htm,ITT Technical Institute - Miami
1952.htm,ITT Technical Institute - Mobile
1953.htm,ITT Technical Institute - Nashville
1954.htm,ITT Technical Institute - Norwood OH
1955.htm,ITT Technical Institute - Omaha
1956.htm,ITT Technical Institute - Orland Park
1957.htm,ITT Technical Institute - Owings Mills
1958.htm,ITT Technical Institute - Oxnard
1959.htm,ITT Technical Institute - Pittsburgh
1960.htm,ITT Technical Institute - Portland
1961.htm,ITT Technical Institute - Rancho Cordova
1962.htm,ITT Technical Institute - Saint Rose
1963.htm,ITT Technical Institute - San Dimas
1964.htm,ITT Technical Institute - Springfield
1965.htm,ITT Technical Institute - Swartz Creek
1966.htm,ITT Technical Institute - Sylmar
1967.htm,ITT Technical Institute - Tempe
1968.htm,ITT Technical Institute - Troy
1969.htm,ITT Technical Institute - Warrensville Heights
1970.htm,ITT Technical Institute - Woburn
1971.htm,ITT Technical Institute - Wyoming
1972.htm,IVAEM College
1973.htm,Iverson Business School & Court Reporting
1974.htm,Ivy Tech Community College - Columbus
1975.htm,Ivy Tech Community College - Kokomo
1976.htm,J F Ingram State Technical College
1977.htm,Jacksonville State University
1978.htm,Jacksonville University
1979.htm,James Albert School of Cosmetology - Costa Mesa
1980.htm,James Albert School of Cosmetology - Ranch Cucamonga
1981.htm,Jamestown College
1982.htm,Javelin Technical Training Center
1983.htm,Jean Madeline Aveda Institute
1984.htm,Jefferson Community & Technical College
1985.htm,Jefferson Community College - Watertown
1986.htm,Jefferson County Dubois Area Vocational Technical Practical Nursing Program
1987.htm,Joe Kubert School of Cartoon & Graphic Art
1988.htm,John A Logan College
1989.htm,John C Calhoun State Community College
1990.htm,John Dewey College - Carolina
1991.htm,John Dewey College - Hato Rey
1992.htm,John Marshall Law School - Atlanta
1993.htm,John Wesley College
1994.htm,Johnson & Wales University - Denver
1995.htm,Johnson & Wales University - Florida Campus
1996.htm,Jolie Hair & Beauty Academy
1997.htm,Jones College
1998.htm,Jones County Junior College
1999.htm,Judson University
