url,entityID
0000.htm,Abraham Baldwin Agricultural College
0001.htm,Academy College
0002.htm,Academy of Healing Arts, Massage,
0003.htm,Academy of Medical Arts and Business
0004.htm,Academy Pacific Business and Travel College
0005.htm,Adelphi University
0006.htm,Adrian College
0007.htm,Agnes Scott College
0008.htm,AIB College of Business
0009.htm,Aiken Technical College
0010.htm,AIMS Academy (Dallas)
0011.htm,AIMS Academy (Grand Prairie)
0012.htm,Aims Community College
0013.htm,Akron Institute
0014.htm,Akron Machining Institute
0015.htm,Alabama Southern Community College (Monroeville)
0016.htm,Alabama Southern Community College (Thomasville)
0017.htm,Alabama State University
0018.htm,Albany State University
0019.htm,Albert A. List College of Jewish Studies at JTS
0020.htm,Albertus Magnus College
0021.htm,Alderson-Broaddus College
0022.htm,Alexandria Technical College
0023.htm,Alfred University Undergraduate Application
0024.htm,All-State Career School (Maryland)
0025.htm,Allan Hancock College
0026.htm,Allegany College - Bedford County Campus
0027.htm,Allegany College - Somerset Campus
0028.htm,Allen County Community College
0029.htm,Alma College
0030.htm,Altamaha Technical Institute (Jesup)
0031.htm,American Academy of Dramatic Arts West
0032.htm,American Ballet Center/Joffrey Ballet School
0033.htm,American Commercial College (Lubbock)
0034.htm,American Health Science University
0035.htm,American Indian College of the Assemblies of God, Inc.
0036.htm,American Institute of Applied Science
0037.htm,American Institute of Health Technology, Inc.
0038.htm,American Institute of Technology
0039.htm,American International College
0040.htm,American Jewish University
0041.htm,American School of Business (Louisiana)
0042.htm,American Trans Air Aviation
0043.htm,Ancilla College
0044.htm,Anderson College
0045.htm,Anderson University
0046.htm,Andover College
0047.htm,Andrews University
0048.htm,Angelina College
0049.htm,Anoka-Hennepin Technical College
0050.htm,Anoka-Ramsey Community College
0051.htm,Antonelli College (Jackson)
0052.htm,Antonelli College (Ohio)
0053.htm,Antonelli Institute
0054.htm,Apex Technical School
0055.htm,Apollo College of Medical-Dental Careers
0056.htm,Appalachian State University
0057.htm,Applied Career Training, Inc.
0058.htm,Arapahoe Community College
0059.htm,Arcadia University
0060.htm,Arizona Institute of Business and Technology - Mesa
0061.htm,Arizona Institute of Business and Technology - West Valley
0062.htm,Arizona State University East
0063.htm,Arizona State University West
0064.htm,Arizona Western College
0065.htm,Arkansas State University
0066.htm,Arkansas State University - Beebe
0067.htm,Arkansas State University - Newport Campus
0068.htm,Art Institute of Charlotte
0069.htm,Art Institute of Colorado
0070.htm,Art Institute of Southern California
0071.htm,Asbury College
0072.htm,Ashland Community College
0073.htm,Ashland Technical College
0074.htm,Asnuntuck Community College
0075.htm,ASU MBA
0076.htm,Athens Area Technical Institute
0077.htm,ATI - Career Training Center (Hurst)
0078.htm,ATI - Health Education Center
0079.htm,Atlanta Institute of Music
0080.htm,Atlanta School of Massage
0081.htm,Atlantic County Vocational School
0082.htm,Atlantic Technical Center (Coconut Creek)
0083.htm,Auburn University
0084.htm,Auburn University-Montgomery
0085.htm,Audrey Cohen College
0086.htm,Augsburg College
0087.htm,Augustana College (IL)
0088.htm,Austin College
0089.htm,Austin Community College
0090.htm,Automotive Training Center
0091.htm,Avila College International Programs
0092.htm,Avila University
0093.htm,Azusa Pacific University
0094.htm,Babson College
0095.htm,Babson College FW Olin Graduate School of Business
0096.htm,Bacone College
0097.htm,Bakersfield College
0098.htm,Baldwin-Wallace College
0099.htm,Ball State University
0100.htm,Baltimore City Community College
0101.htm,Baltimore International College
0102.htm,Baptist Bible College and Seminary of Pennsylvania
0103.htm,Baptist Bible College East
0104.htm,Barber Scotia College
0105.htm,Barber Styling Institute
0106.htm,Barnard College
0107.htm,Barry University
0108.htm,Barstow College
0109.htm,Barton College
0110.htm,Barton County Community College
0111.htm,Baruch College Graduate Studies
0112.htm,Bay de Noc Community College
0113.htm,Bay Path College
0114.htm,Bay State College
0115.htm,Baylor University
0116.htm,Baylor University Hankamer School of Business
0117.htm,Beacon College
0118.htm,Beaufort County Community College
0119.htm,Becker College
0120.htm,Beckfield College
0121.htm,Bel-Rea Institute of Animal Technology
0122.htm,Belhaven College
0123.htm,Bellevue Community College
0124.htm,Bellevue University Undergraduate Online
0125.htm,Bellingham Technical College
0126.htm,Belmont Abbey College
0127.htm,Benedict College
0128.htm,Bennington College
0129.htm,Bentley College McCallum Grad School of Business
0130.htm,Berea College
0131.htm,Bergen County Technical Schools
0132.htm,Berkeley College - Bergen Campus
0133.htm,Berkeley College - Middlesex Campus
0134.htm,Berkeley College - New York City Campus
0135.htm,Berkeley College of West Paterson
0136.htm,Berkeley College of White Plains
0137.htm,Berry College
0138.htm,Beta Tech (Virginia)
0139.htm,Bethany College (WV)
0140.htm,Bethel College (KS)
0141.htm,Bethel College (MN)
0142.htm,Bethune-Cookman College
0143.htm,Beulah Heights Bible College
0144.htm,Bevill State Community College
0145.htm,Bidwell Training Center
0146.htm,Biola University
0147.htm,Birmingham-Southern College
0148.htm,Bishop State Community College
0149.htm,Bismarck State College
0150.htm,Bladen Community College
0151.htm,Blessing-Rieman College of Nursing
0152.htm,Blinn College
0153.htm,Blue Mountain College
0154.htm,Blue Mountain Community College
0155.htm,Blue Ridge Community College (Virginia)
0156.htm,Bluefield State College
0157.htm,Bluffton College
0158.htm,Boonslick Technical Education Center
0159.htm,Boston College
0160.htm,Boston Conservatory
0161.htm,Boston University
0162.htm,Boston University College of Communication
0163.htm,Boston University College of Engineering
0164.htm,Boston University College of Fine Arts
0165.htm,Boston University Executive MBA Program
0166.htm,Boston University Graduate Management Programs
0167.htm,Boston University Graduate Medical Sciences
0168.htm,Boston University Sargent Coll of Health
0169.htm,Boston University School of Law LL.M. in Tax
0170.htm,Boston University School of Theology
0171.htm,Bowie State University
0172.htm,Bowling Green Technical College
0173.htm,Bowling Green Technical College - Glasgow Campus
0174.htm,Bradford College
0175.htm,Bradley University
0176.htm,Bramson ORT Technical Institute
0177.htm,Brandeis University - The Heller Graduate School
0178.htm,Branford Hall Career Institute
0179.htm,Brenau University The Women's College
0180.htm,Brescia University
0181.htm,Brevard Community College
0182.htm,Brewton-Parker College
0183.htm,Briar Cliff University
0184.htm,Briarwood College
0185.htm,Brick Computer Science Institute
0186.htm,Bridgewater College
0187.htm,Bridgewater State College
0188.htm,Brigham Young University
0189.htm,Bristol Community College
0190.htm,Broadcasting Institute of Maryland
0191.htm,Brookhaven College
0192.htm,Broward Community College
0193.htm,Brown College of Court Reporting
0194.htm,Brown University Graduate School
0195.htm,Brunswick Community College
0196.htm,Bryan Career College (Kansas)
0197.htm,Bryan Career College (Missouri)
0198.htm,Bryan College of Court Reporting
0199.htm,Bryant
0200.htm,Bryant
0201.htm,Bryant College
0202.htm,Bryman College - Whittier
0203.htm,Bryn Athyn College of the New Church
0204.htm,Bryn Mawr College
0205.htm,Buena Vista University
0206.htm,Burdett College (Boston)
0207.htm,Burdett College (Worcester)
0208.htm,Burlington County College
0209.htm,Business Informatics Center College for Business
0210.htm,Business Training Institute
0211.htm,Butler County Community College (Kansas)
0212.htm,Butler County Community College (Pennsylvania)
0213.htm,Butler University
0214.htm,Butte College
0215.htm,Cabarrus College of Health Sciences
0216.htm,Cabrini College
0217.htm,Cal Poly Pomona College of Business Administration
0218.htm,Caldwell Community College
0219.htm,California College of Arts
0220.htm,California Design College
0221.htm,California Institute of Technology, Graduate
0222.htm,California Institute of Technology, Undergraduate
0223.htm,California Institute of the Arts
0224.htm,California Lutheran University
0225.htm,California Paramedical and Technical College
0226.htm,California State University San Marcos ALCI
0227.htm,California State University, East Bay
0228.htm,California State University, Fresno
0229.htm,California State University-Dominguez Hills
0230.htm,California State University-Sacramento
0231.htm,California State University-Stanislaus
0232.htm,California University of Pennsylvania
0233.htm,Camden County College
0234.htm,Cankdeska Cikana Community College
0235.htm,Cape Cod Community College
0236.htm,Cape Fear Community College
0237.htm,Capella University
0238.htm,Capitol City Careers
0239.htm,Capitol City Trade and Technical School
0240.htm,Capitol College
0241.htm,Capri College (Cedar Rapids)
0242.htm,Capri College (Dubuque)
0243.htm,Career Academy (Alaska)
0244.htm,Career Advancement
0245.htm,Career College of Northern Nevada
0246.htm,Career Colleges of Chicago
0247.htm,Career Technical College
0248.htm,Carlos Albizu University
0249.htm,Carnegie Institute
0250.htm,Carnegie Mellon University Undergraduate
0251.htm,Carolinas College of Health Sciences
0252.htm,Carroll College (WI)
0253.htm,Carteret Community College
0254.htm,Cascade College
0255.htm,Casper College
0256.htm,Catawba College
0257.htm,Catherine E. Hinds Institute of Esthetics
0258.htm,Cedar Valley College
0259.htm,Centenary College of Louisiana
0260.htm,Central Alabama Community College
0261.htm,Central Baptist College
0262.htm,Central Carolina Technical College
0263.htm,Central College
0264.htm,Central Community College - Grand Island Campus
0265.htm,Central Community College - Hastings Campus
0266.htm,Central Community College - Program of Practical Nursing, Kearney Center
0267.htm,Central Kentucky Technical College
0268.htm,Central Lakes College
0269.htm,Central Maine Medical Center School of Nursing
0270.htm,Central Methodist College
0271.htm,Central Ohio Technical College
0272.htm,Central Oklahoma Area Vocational-Technical Center
0273.htm,Central Oregon Community College
0274.htm,Central Pennsylvania College
0275.htm,Central State University
0276.htm,Central Washington University
0277.htm,Centralia College
0278.htm,Centre College
0279.htm,Certified Careers Institute (Clearfield)
0280.htm,Chabot College
0281.htm,Champlain College Online
0282.htm,Chandler-Gilbert Community College
0283.htm,Charleston Cosmetology Institute
0284.htm,Charleston Southern University
0285.htm,Charter College
0286.htm,Chattahoochee Technical Institute
0287.htm,Chesapeake College
0288.htm,Chestnut Hill College
0289.htm,Chicago State University
0290.htm,Chippewa Valley Technical College
0291.htm,Chisholm Trail Technology Center
0292.htm,Chowan College
0293.htm,Christian Brothers University
0294.htm,Christian Heritage College
0295.htm,Cincinnati Bible College and Seminary
0296.htm,Cincinnati State Technical and Community College
0297.htm,Circleville Bible College
0298.htm,Citrus College
0299.htm,City College (Casselberry)
0300.htm,City College of San Francisco
0301.htm,City University of New York (CUNY)
0302.htm,Clark Atlanta University
0303.htm,Clark State Community College
0304.htm,Clark University
0305.htm,Clarke College
0306.htm,Clayton College
0307.htm,Clearfield County Career and Technology Center
0308.htm,Cleary University
0309.htm,Clemson University
0310.htm,Clemson University MBA Program Application
0311.htm,Cleveland Community College
0312.htm,Cleveland Institute of Art
0313.htm,Cleveland Institute of Dental and Medical Assistants (Cleveland)
0314.htm,Cleveland Institute of Dental and Medical Assistants (Lyndhurst)
0315.htm,Cleveland Institute of Dental and Medical Assistants (Mentor)
0316.htm,Cleveland State University
0317.htm,Clinton Technical Institute
0318.htm,Cloud County Community College
0319.htm,Coahoma Community College
0320.htm,Coastal Georgia Community College
0321.htm,Coffeyville Community College
0322.htm,Coker College
0323.htm,Colby College
0324.htm,Colby Community College
0325.htm,College Misericordia
0326.htm,College of Aeronautics
0327.htm,College of Alameda
0328.htm,College of Eastern Utah
0329.htm,College of Hair Design (Iowa)
0330.htm,College of Hair Design (Nebraska)
0331.htm,College of Legal Arts
0332.htm,College of Marin
0333.htm,College of Mount Saint Vincent
0334.htm,College of Saint Rose Undergraduate Application
0335.htm,College of Southern Idaho
0336.htm,College of St. Joseph in Vermont
0337.htm,College of the Atlantic
0338.htm,College of the Canyons
0339.htm,College of the Holy Cross
0340.htm,College of the Mainland
0341.htm,College of the Redwoods
0342.htm,College of the Siskiyous - Yreka Campus
0343.htm,College of the Southwest
0344.htm,College of William and Mary
0345.htm,College of William and Mary MBA
0346.htm,College of Wooster Freshman Application
0347.htm,CollegeAmerica - Colorado
0348.htm,CollegeAmerica - Fort Collins
0349.htm,Collin County Community College District
0350.htm,Colorado Christian University
0351.htm,Colorado College
0352.htm,Colorado Mountain College - Spring Valley Campus
0353.htm,Columbia Basin College
0354.htm,Columbia College-Hollywood
0355.htm,Columbia Gorge Community College
0356.htm,Columbia GSAS College of Physicians
0357.htm,Columbia International University
0358.htm,Columbia School of International
0359.htm,Columbia State Community College
0360.htm,Columbia University School of the Arts
0361.htm,Columbus State Community College
0362.htm,Columbus Technical Institute
0363.htm,Comair Aviation Academy
0364.htm,Commonwealth Technical Institute at HGA
0365.htm,Community College of Allegheny County
0366.htm,Community College of Philadelphia
0367.htm,Community College of Rhode Island - Flanagan Campus
0368.htm,Community College of Rhode Island - Knight Campus
0369.htm,Community College of Southern Nevada
0370.htm,Community College of Southern Nevada - Cheyenne Campus
0371.htm,Computer Career Center (New York)
0372.htm,Computer Learning Network (Altoona)
0373.htm,Computer Learning Network (Mechanicsburg)
0374.htm,Conception Seminary College
0375.htm,ConCorde Career Institute (Garden Grove)
0376.htm,ConCorde Career Institute (Jacksonville)
0377.htm,ConCorde Career Institute (San Bernardino)
0378.htm,ConCorde Career Institute (San Diego)
0379.htm,Concorde Career Institute (Tampa)
0380.htm,Concorde Career Institute (Tennessee)
0381.htm,Concordia College (NE)
0382.htm,Concordia U - West Suburban College of Nursing
0383.htm,Concordia University
0384.htm,Concordia University Irvine
0385.htm,Concordia University, River Forest
0386.htm,Connecticut Center for Massage Therapy (Westport)
0387.htm,Connecticut Center for Massage Therapy, Inc. (Newington)
0388.htm,Connecticut College
0389.htm,Conservatory of Recording Arts and Sciences
0390.htm,Contra Costa College
0391.htm,Copiah-Lincoln Community College
0392.htm,Copper Mountain College
0393.htm,Coppin State College
0394.htm,Cornell University
0395.htm,Cornell University Graduate School of Management
0396.htm,Cornell University Transfer Application
0397.htm,Cornerstone University
0398.htm,Cornish College of the Arts
0399.htm,Cossatot Technical College
0400.htm,County College of Morris
0401.htm,Cowley County Community College
0402.htm,Coyne American Institute
0403.htm,Craven Community College
0404.htm,Creighton University
0405.htm,Crowder College
0406.htm,Crown College
0407.htm,Crown College (Tacoma, WA)
0408.htm,CSC Institute
0409.htm,Cuesta College
0410.htm,Culinary Arts Institute of Louisiana
0411.htm,Cumberland County College
0412.htm,Cumberland County Technical Education Center
0413.htm,CUNY - Brooklyn College
0414.htm,CUNY - Hunter College
0415.htm,CUNY - Queens College
0416.htm,Cutting Edge Hairstyling Academy
0417.htm,Cuyahoga Community College
0418.htm,Cypress College
0419.htm,Dabney S. Lancaster Community College
0420.htm,Dakota Wesleyan University
0421.htm,Danville Area Community College
0422.htm,Danville Community College
0423.htm,Dartmouth College, Tuck School of Business
0424.htm,Davenport University (Kalamazoo)
0425.htm,Davenport University (South Bend/Mishawaka)
0426.htm,Davidson College (Part 2)
0427.htm,Davidson County Community College
0428.htm,Davis
0429.htm,Davis Applied Technology Center
0430.htm,Dawson Community College
0431.htm,De Anza College
0432.htm,Deaconess College of Nursing
0433.htm,Decker College of Business Technology
0434.htm,Delaware College of Art and Design
0435.htm,Delaware County Community College
0436.htm,Delaware Technical
0437.htm,Delaware Valley College
0438.htm,Delgado Community College - West Bank
0439.htm,Delta State University
0440.htm,Denver Technical College at Colorado Springs
0441.htm,DePauw University
0442.htm,Des Moines Area Community College
0443.htm,Des Moines Area Community College - Carroll Campus
0444.htm,Desert Institute of the Healing Arts
0445.htm,DeVry - Addison
0446.htm,DeVry - Chicago
0447.htm,DeVry - Columbus
0448.htm,DeVry - Decatur
0449.htm,DeVry - Fremont
0450.htm,DeVry - Irving
0451.htm,DeVry - Kansas City
0452.htm,DeVry - Long Island City
0453.htm,DeVry - North Brunswick
0454.htm,DeVry - Pamona
0455.htm,DeVry - Phoenix
0456.htm,DeVry University, Denver
0457.htm,DeVry University, Seattle
0458.htm,Dickinson College
0459.htm,Diesel Driving Academy, Inc. (Shreveport)
0460.htm,Dillard University
0461.htm,Divers Academy of the Eastern Seaboard
0462.htm,Divers Institute of Technology
0463.htm,Dodge City Community College
0464.htm,Dominican School of Philosophy and Theology
0465.htm,Douglas MacArthur State Technical College
0466.htm,Drake Business School (Astoria)
0467.htm,Draughons Junior College (Kentucky)
0468.htm,Drexel University
0469.htm,DuBois Business College
0470.htm,DuBois Business College (Oil City)
0471.htm,Duke Fuqua School of Business EMBA Programs
0472.htm,Duke University Transfer Application
0473.htm,Duquesne University
0474.htm,Durango Air Service
0475.htm,Durham Technical Community College
0476.htm,Dyersburg State Community College
0477.htm,DYouville College
0478.htm,Earlham College Undergraduate Application
0479.htm,East Arkansas Community College
0480.htm,East Carolina University
0481.htm,East Central Community College
0482.htm,East Coast Aero Tech
0483.htm,East Mississippi Community College (Scooba)
0484.htm,East Tennessee State University
0485.htm,East Texas Baptist University
0486.htm,Eastern Arizona College - Graham County Community College District
0487.htm,Eastern College of Health Vocations (Arkansas)
0488.htm,Eastern College of Health Vocations (Louisiana)
0489.htm,Eastern Idaho Technical College
0490.htm,Eastern Shore Community College
0491.htm,Eastern University
0492.htm,Eastfield College
0493.htm,Eastman School of Music, University of Rochester
0494.htm,Eckerd College
0495.htm,ECPI of Charlotte
0496.htm,Edgecombe Community College
0497.htm,Edgewood College
0498.htm,Edison Community College (Florida)
0499.htm,Edmonds Community College
0500.htm,Education America - Fort Worth Campus
0501.htm,Education America - Houston
0502.htm,Education America - Remington College (Baton Rouge)
0503.htm,Education America - Southeast College of Technology (Tennessee)
0504.htm,El Centro College
0505.htm,El Paso Community College
0506.htm,Elgin Community College
0507.htm,Eli Whitney Regional Vocational-Technical School
0508.htm,Elizabeth City State University
0509.htm,Elizabethtown Community College
0510.htm,Elmira Business Institute
0511.htm,Elmira College
0512.htm,Emerson College Graduate Studies
0513.htm,Emerson University
0514.htm,Emil Fries School of Piano Tuning
0515.htm,Emory University
0516.htm,Emory University Undergraduate Transfer App
0517.htm,Empire College
0518.htm,Engine City Technical Institute
0519.htm,Erie Business Center
0520.htm,ESADE Business School
0521.htm,Essex County College
0522.htm,Estrella Mountain Community College
0523.htm,Eton Technical Institute (Federal Way)
0524.htm,Eton Technical Institute (Port Orchard)
0525.htm,Everett Community College
0526.htm,Evergreen Valley College
0527.htm,Fairfield University
0528.htm,Fairfield University Graduate School of Business
0529.htm,Fairleigh Dickinson University Undergraduate
0530.htm,Fairmont State College
0531.htm,Fashion Institute of Design
0532.htm,Fashion Institute of Design
0533.htm,Faulkner University
0534.htm,Fayette Plateau Vocational-Technical Center
0535.htm,Ferris State University Undergraduate Application
0536.htm,Ferrum College
0537.htm,First Coast Technical Institute
0538.htm,Fitchburg State College
0539.htm,Fleet Business School
0540.htm,FlightSafety Academy
0541.htm,Floraison Academy of Floral Design
0542.htm,Florida A
0543.htm,Florida A
0544.htm,Florida Atlantic University
0545.htm,Florida College
0546.htm,Florida College of Natural Health (Pompano Beach)
0547.htm,Florida Community College at Jacksonville
0548.htm,Florida Institute of Ultrasound, Inc.
0549.htm,Florida International University MBA PMKT
0550.htm,Florida National College - Bird Road Campus
0551.htm,Florida School of the Arts
0552.htm,Florida Southern College
0553.htm,Fond du Lac Tribal and Community College
0554.htm,Fontbonne University
0555.htm,Fordham Graduate School of Arts
0556.htm,Fordham Graduate School of Business Administration
0557.htm,Fordham University Undergraduate Application
0558.htm,Forsyth Technical Community College
0559.htm,Fort Lewis College
0560.htm,Fox College
0561.htm,Fox Valley Technical College
0562.htm,Framingham State College
0563.htm,Francis Tuttle Vocational-Technical Center
0564.htm,Franciscan University of Steubenville
0565.htm,Franklin
0566.htm,Franklin College
0567.htm,Franklin Pierce College
0568.htm,Franklin University
0569.htm,French Culinary Institute
0570.htm,Fresno Institute of Technology
0571.htm,Frostburg State University
0572.htm,Furman University
0573.htm,Gainesville College
0574.htm,Galveston College
0575.htm,Gannon University
0576.htm,Garden City Community College
0577.htm,Gardner-Webb University
0578.htm,Garland County Community College
0579.htm,Gateway Community College (Connecticut)
0580.htm,Gavilan College
0581.htm,Gemological Institute of America (California)
0582.htm,George Mason University
0583.htm,George T. Baker Aviation School
0584.htm,Georgetown University
0585.htm,Georgia College
0586.htm,Georgia Institute of Technology
0587.htm,Georgia Military College
0588.htm,Georgia Southern University
0589.htm,Georgia State University
0590.htm,Gettysburg College
0591.htm,Gibson Technical Center
0592.htm,Glen Oaks Community College
0593.htm,Glenville State College
0594.htm,Globe College
0595.htm,Gloucester County College
0596.htm,Golden Gate University
0597.htm,Golden Gate University M.B.A. Program
0598.htm,Goldey-Beacom College
0599.htm,Golf Academy of San Diego
0600.htm,Gonzaga University
0601.htm,Gonzaga University Grad
0602.htm,Goodwin Institute
0603.htm,Gordon College
0604.htm,Goshen College
0605.htm,Goucher College
0606.htm,Grace Bible College
0607.htm,Graduate Faculty
0608.htm,Grand Canyon University
0609.htm,Grand Rapids Community College
0610.htm,Grand Valley State University
0611.htm,Grantham College of Engineering
0612.htm,Gratz College
0613.htm,Great Lakes Institute of Technology
0614.htm,Great Plains Technology Center
0615.htm,Green Mountain College
0616.htm,Green River Community College Internat'l Program
0617.htm,Greensboro College
0618.htm,Greenville Technical College
0619.htm,Griffin Technical College
0620.htm,Grinnell College
0621.htm,Grove City College
0622.htm,Guilford College
0623.htm,Gwynedd-Mercy College
0624.htm,Hagerstown Community College
0625.htm,Hallmark Institute of Aeronautics
0626.htm,Hallmark Institute of Photography
0627.htm,Hamilton College
0628.htm,Hamline University
0629.htm,Hampden-Sydney College
0630.htm,Hampshire College
0631.htm,Hampton University
0632.htm,Harcum College
0633.htm,Hardin-Simmons University
0634.htm,Harding University
0635.htm,Harris School of Business
0636.htm,Harvard Business School
0637.htm,Harvard College
0638.htm,Harvard Graduate School of Arts
0639.htm,Haverford College
0640.htm,Hawaii Business College
0641.htm,Hawaii Community College
0642.htm,Hawaii Pacific University - Center for Graduate Studies
0643.htm,Hawaii Pacific University Undergraduate
0644.htm,Hawkeye Community College
0645.htm,Hazard Technical College
0646.htm,Health Enrichment Center
0647.htm,Hebrew College
0648.htm,Heidelberg College
0649.htm,Henderson Community College
0650.htm,Hennepin Technical College
0651.htm,Henry Ford Community College
0652.htm,Herzing College - Madison
0653.htm,Herzing College - Minneapolic Drafting School Campus
0654.htm,Herzing College - Orlando
0655.htm,Hesston College
0656.htm,Hibbing Community College
0657.htm,Hickey College
0658.htm,High-Tech Institute (Arizona)
0659.htm,High-Tech Institute (California)
0660.htm,Highland Community College (Illinois)
0661.htm,Hilbert College
0662.htm,Hill College
0663.htm,Hillsdale College
0664.htm,Hillsdale Free Will Baptist College
0665.htm,Hiwassee College
0666.htm,Hofstra University
0667.htm,Hollins Unversity
0668.htm,Holmes Community College
0669.htm,Holy Family University
0670.htm,Holy Names College
0671.htm,Holyoke Community College
0672.htm,Hondros College
0673.htm,Honolulu Community College
0674.htm,Hood College
0675.htm,Houston Baptist University
0676.htm,Howard Payne University
0677.htm,Howard University
0678.htm,Huntington College of Dental Technology
0679.htm,Hussian School of Art
0680.htm,ICM School of Business
0681.htm,Idaho State University - College of Technology
0682.htm,IESE Business School
0683.htm,IHM Health Studies Center
0684.htm,Ilisagvik College
0685.htm,Illinois College
0686.htm,Illinois Eastern Community Colleges; Frontier Community College
0687.htm,Illinois Eastern Community Colleges; Lincoln Trail College
0688.htm,Illinois Eastern Community Colleges; Wabash Valley College
0689.htm,Illinois School of Health Careers
0690.htm,Illinois State University
0691.htm,Illinois Valley Community College
0692.htm,Illinois Wesleyan University
0693.htm,Independence Community College
0694.htm,Indiana Business College (Columbus)
0695.htm,Indiana Business College (Evansville)
0696.htm,Indiana Business College (Fort Wayne)
0697.htm,Indiana Business College (Indianapolis)
0698.htm,Indiana Business College (Lafayette)
0699.htm,Indiana Business College (Marion)
0700.htm,Indiana Business College (Terre Haute)
0701.htm,Indiana University - Bloomington
0702.htm,Indiana University East
0703.htm,Indiana University Northwest
0704.htm,Indiana University Southeast
0705.htm,Indiana University-Kokomo
0706.htm,Indiana University-Purdue Univ. Fort Wayne
0707.htm,Indiana University-Purdue University Indianapolis
0708.htm,Institute for Business and Technology
0709.htm,Institute of American Indian and Alaska Native Culture and Arts Development
0710.htm,Institute of Aviation - University of Illinois
0711.htm,Institute of Career Education
0712.htm,Institute of Design and Construction
0713.htm,Institute of Electronic Technology
0714.htm,Intellitec College (Grand Junction)
0715.htm,Interactive College of Technology (Kentucky)
0716.htm,Interboro Institute
0717.htm,International Academy of Design - Tampa
0718.htm,International Academy of Design and Technology
0719.htm,International Air Academy (California)
0720.htm,International Business College (El Paso)
0721.htm,International Business College (Lubbock)
0722.htm,International Business School (Denton)
0723.htm,International Business School (Sherman)
0724.htm,International College of Broadcasting
0725.htm,International School of Skin
0726.htm,International Schools
0727.htm,International University of Japan
0728.htm,Iowa Central Community College - Fort Dodge Center
0729.htm,Iowa Lakes Community College - Emmetsburg Campus
0730.htm,Iowa Lakes Community College - Estherville Campus
0731.htm,Iowa State University
0732.htm,Iowa Wesleyan College
0733.htm,Irvine Valley College
0734.htm,Island Drafting
0735.htm,Itasca Community College
0736.htm,ITT Technical Institute (Alabama)
0737.htm,ITT Technical Institute (Anaheim)
0738.htm,ITT Technical Institute (Arkansas)
0739.htm,ITT Technical Institute (Arlington)
0740.htm,ITT Technical Institute (Arnold)
0741.htm,ITT Technical Institute (Austin)
0742.htm,ITT Technical Institute (Boston South)
0743.htm,ITT Technical Institute (Bothell)
0744.htm,ITT Technical Institute (Burr Ridge)
0745.htm,ITT Technical Institute (Earth City)
0746.htm,ITT Technical Institute (Fort Wayne)
0747.htm,ITT Technical Institute (Getzville)
0748.htm,ITT Technical Institute (Houston South)
0749.htm,ITT Technical Institute (Houston West)
0750.htm,ITT Technical Institute (Idaho)
0751.htm,ITT Technical Institute (Jacksonville)
0752.htm,ITT Technical Institute (Lathrop)
0753.htm,ITT Technical Institute (Liverpool)
0754.htm,ITT Technical Institute (Louisiana)
0755.htm,ITT Technical Institute (Maitland)
0756.htm,ITT Technical Institute (Matteson)
0757.htm,ITT Technical Institute (Memphis)
0758.htm,ITT Technical Institute (Miami)
0759.htm,ITT Technical Institute (Monroeville)
0760.htm,ITT Technical Institute (Mount Prospect)
0761.htm,ITT Technical Institute (Nashville)
0762.htm,ITT Technical Institute (Nevada)
0763.htm,ITT Technical Institute (New Mexico)
0764.htm,ITT Technical Institute (Newburgh)
0765.htm,ITT Technical Institute (Norwood)
0766.htm,ITT Technical Institute (Oxnard)
0767.htm,ITT Technical Institute (Pittsburgh)
0768.htm,ITT Technical Institute (Rancho Cordova)
0769.htm,ITT Technical Institute (Richardson)
0770.htm,ITT Technical Institute (Richmond)
0771.htm,ITT Technical Institute (San Bernardino)
0772.htm,ITT Technical Institute (Santa Clara)
0773.htm,ITT Technical Institute (Seattle)
0774.htm,ITT Technical Institute (Spokane)
0775.htm,ITT Technical Institute (Strongsville)
0776.htm,ITT Technical Institute (Sylmar)
0777.htm,ITT Technical Institute (Tampa)
0778.htm,ITT Technical Institute (Tucson)
0779.htm,ITT Technical Institute (Utah)
0780.htm,ITT Technical Institute (Youngstown)
0781.htm,Ivy Tech State College
0782.htm,Ivy Tech State College - Columbus
0783.htm,Ivy Tech State College - Elkhart
0784.htm,Ivy Tech State College - Indianapolis
0785.htm,Ivy Tech State College - Marion
0786.htm,Ivy Tech State College - Muncie
0787.htm,Ivy Tech State College - Richmond
0788.htm,Ivy Tech State College - Sellersburg
0789.htm,Ivy Tech State College - Southwest Region
0790.htm,Ivy Tech State College - Terre Haute
0791.htm,J. Mack Robinson College of Busines, GSU
0792.htm,J. Sargeant Reynolds Community College
0793.htm,Jacksonville University Grad
0794.htm,James H. Faulkner State Community College
0795.htm,Jamestown Business College
0796.htm,Jamestown College
0797.htm,Jefferson College
0798.htm,Jefferson Community College (Kentucky)
0799.htm,Jefferson County-DuBois Area Vocational Technical School
0800.htm,Jefferson Davis Community College
0801.htm,Jefferson State Community College
0802.htm,John A. Gupton College
0803.htm,John Carroll University Undergraduate
0804.htm,John F. Kennedy University
0805.htm,John M. Patterson State Technical College
0806.htm,John Tyler Community College
0807.htm,Johns Hopkins University
0808.htm,Johnson
0809.htm,Johnson
0810.htm,Johnson Bible College
0811.htm,Johnson County Community College
0812.htm,Judson College (AL)
0813.htm,Juniata College
0814.htm,Kalamazoo Valley Community College
0815.htm,Kansas City Area Technical School
0816.htm,Kansas City Art Institute
0817.htm,Kansas City Kansas Community College
0818.htm,Kansas State University
0819.htm,Kaskaskia College
0820.htm,Kean University
0821.htm,Keene State College
0822.htm,Keiser Career Institute - Cooper City
0823.htm,Keiser Career Institute - Lake Worth Campus
0824.htm,Keiser Career Institute - Port St. Lucie
0825.htm,Keiser College - Lakeland
0826.htm,Kellogg Community College
0827.htm,Kent State University
0828.htm,Kent State University - Stark Regional Campus
0829.htm,Kent State University - Tuscarawas Campus
0830.htm,Kent State University Trumbull Campus
0831.htm,Kentucky State University
0832.htm,Kentucky Wesleyan College
0833.htm,Kenyon College
0834.htm,Kerr Business College
0835.htm,Kettering College of Medical Arts
0836.htm,Kettering University
0837.htm,King College (TN)
0838.htm,Kings College (PA)
0839.htm,Kirtland Community College
0840.htm,Kishwaukee College
0841.htm,Klamath Community College
0842.htm,Knox College
0843.htm,Kutztown University of Pennsylvania
0844.htm,Laboratory Institute of Merchandising
0845.htm,Lackawanna Junior College
0846.htm,Lafayette College
0847.htm,Lake Forest GSM MBA Application
0848.htm,Lake Land College
0849.htm,Lake Superior College
0850.htm,Lake Tahoe Community College
0851.htm,Lake Washington Technical College
0852.htm,Lake-Sumter Community College
0853.htm,Lakeland Medical-Dental Academy
0854.htm,Lamar Community College
0855.htm,Lamar State College - Orange
0856.htm,Lamar State College - Port Arthur Campus
0857.htm,Lamar University
0858.htm,Lambuth University
0859.htm,Lander University
0860.htm,Laney Graduate School | Emory University
0861.htm,Lanier Technical Institute
0862.htm,Lasell College
0863.htm,Lawrence Technological University
0864.htm,Lawrence University
0865.htm,LDS Business College
0866.htm,Lebanon County Career School Professional Truck Driving School
0867.htm,Lebanon Technology
0868.htm,Lee College (Canoga Park)
0869.htm,Lee College (Texas)
0870.htm,Lee University
0871.htm,Lees-McRae College
0872.htm,Leeward Community College
0873.htm,Lehigh Carbon Community College
0874.htm,Lehigh University College of Arts and Sciences
0875.htm,Lehigh University Graduate Business Programs
0876.htm,Lehigh University Undergraduate Domestic
0877.htm,LeMoyne-Owen College
0878.htm,Lenoir Community College
0879.htm,Lenoir-Rhyne College
0880.htm,Lesley College
0881.htm,LeTourneau University
0882.htm,Lewis
0883.htm,Lewis A. Wilson Technical Center
0884.htm,Lewis and Clark College
0885.htm,Life University
0886.htm,Lincoln Land Community College
0887.htm,Lincoln Memorial University
0888.htm,Lincoln Technical Institute (Allentown)
0889.htm,Lincoln Technical Institute (Maryland)
0890.htm,Lincoln Technical Institute (Oak Lawn)
0891.htm,Lincoln University (MO)
0892.htm,Lincoln University (PA)
0893.htm,Lindenwood University
0894.htm,Linn State Technical College
0895.htm,Little Priest Tribal College
0896.htm,Livingstone College/Hood Theological Seminary
0897.htm,Long Beach City College
0898.htm,Long Island University-C.W. Post
0899.htm,Lorain County Community College
0900.htm,Loras College
0901.htm,Lord Fairfax Community College
0902.htm,Los Angeles City College
0903.htm,Los Angeles Harbor College
0904.htm,Los Angeles Mission College
0905.htm,Los Angeles Southwest College
0906.htm,Los Angeles Valley College
0907.htm,Louisiana State University
0908.htm,Louisiana State University - Alexandria Campus
0909.htm,Louisiana State University - Eunice Campus
0910.htm,Louisiana State University in Shreveport
0911.htm,Louisiana Tech University
0912.htm,Louisiana Technical College - Acadian Campus
0913.htm,Louisiana Technical College - Alexandria Campus
0914.htm,Louisiana Technical College - Ascension Campus
0915.htm,Louisiana Technical College - Avoyelles Campus
0916.htm,Louisiana Technical College - Bastrop Campus
0917.htm,Louisiana Technical College - Delta-Ouachita Campus
0918.htm,Louisiana Technical College - Gulf Area Campus
0919.htm,Louisiana Technical College - Hammond Area Campus
0920.htm,Louisiana Technical College - Huey P. Long Campus
0921.htm,Louisiana Technical College - Jefferson Campus
0922.htm,Louisiana Technical College - Jumonville Memorial Campus (New Roads)
0923.htm,Louisiana Technical College - Lafayette Campus
0924.htm,Louisiana Technical College - Lamar Salter Campus
0925.htm,Louisiana Technical College - Morgan Smith Campus
0926.htm,Louisiana Technical College - Natchitoches Campus
0927.htm,Louisiana Technical College - North Central Campus
0928.htm,Louisiana Technical College - Northeast Louisiana Campus
0929.htm,Louisiana Technical College - River Parishes Campus
0930.htm,Louisiana Technical College - Sabine Valley Campus
0931.htm,Louisiana Technical College - Shelby M. Jackson Campus
0932.htm,Louisiana Technical College - Slidell Campus
0933.htm,Louisiana Technical College - Sowela Campus
0934.htm,Louisiana Technical College - T.H. Harris Campus
0935.htm,Louisiana Technical College - Tallulah Campus
0936.htm,Louisiana Technical College - Teche Area Campus
0937.htm,Louisiana Technical College - West Jefferson Campus
0938.htm,Louisiana Technical College, Baton Rouge
0939.htm,Louisville Technical Institute
0940.htm,Lourdes College
0941.htm,Lower Columbia College
0942.htm,Loyola College in Maryland
0943.htm,Loyola College Sellinger School
0944.htm,Loyola Law School
0945.htm,Loyola Marymount University Graduate Application
0946.htm,Loyola Marymount University Undergraduate App
0947.htm,Loyola University New Orleans
0948.htm,Loyola University of Chicago
0949.htm,Lubbock Christian University
0950.htm,Luna Vocational Technical Institute, A Community College
0951.htm,Luther College
0952.htm,Luther Rice Bible College and Seminary
0953.htm,Lycoming College
0954.htm,Lynchburg College
0955.htm,Lyndon State College
0956.htm,Lynn University
0957.htm,Macalester College
0958.htm,MacCormac College
0959.htm,MacCormac College - West Suburban
0960.htm,Macomb Community College - Center Campus
0961.htm,Macon Technical Institute
0962.htm,Madison Area Technical College
0963.htm,Madison Media Institute
0964.htm,Maharishi University of Management
0965.htm,Maine College of Art
0966.htm,Maine Maritime Academy
0967.htm,Malcolm X College
0968.htm,Manchester College
0969.htm,Manhattan Area Technical College
0970.htm,Manhattan School of Music
0971.htm,Mansfield University of Pennsylvania
0972.htm,Maria Parham Hospital - School of Medical Technology
0973.htm,Marian Court College
0974.htm,Marion Military Institute
0975.htm,Marist College Grad PMKT
0976.htm,Marlboro College
0977.htm,Marquette University
0978.htm,Marygrove College
0979.htm,Maryland Institute College of Art
0980.htm,Marymount University
0981.htm,Marywood University
0982.htm,Massachusetts College of Liberal Arts
0983.htm,Massachusetts Institute of Technology Part One
0984.htm,Massachusetts Maritime Academy
0985.htm,Maui Community College
0986.htm,Mayo Technnical College
0987.htm,Mayville State University
0988.htm,McCann School of Business (Mahanoy City)
0989.htm,McCann School of Business (Pottsville)
0990.htm,McDaniel College
0991.htm,McDowell Technical Community College
0992.htm,McFatter Technical Center
0993.htm,McGill University
0994.htm,McHenry County College
0995.htm,McKendree College
0996.htm,McMaster University
0997.htm,McNeese State University
0998.htm,Medaille College
0999.htm,Medcenter One College of Nursing
1000.htm,Median School of Allied Health Careers
1001.htm,Medix School (Maryland)
1002.htm,Melbourne Business School
1003.htm,Memphis College of Art
1004.htm,Mercy College of Northwest Ohio
1005.htm,Meredith College
1006.htm,Meridian Community College
1007.htm,Mesa Community College
1008.htm,Mesabi Range Community and Technical College - Eveleth
1009.htm,Messiah College
1010.htm,Methodist College
1011.htm,Metropolitan College (Tulsa)
1012.htm,Metropolitan Community College - Fort Omaha Campus
1013.htm,Metropolitan State College of Denver
1014.htm,Metropolitan Technical Institute
1015.htm,Miami University - Hamilton Campus
1016.htm,Miami-Dade Community College
1017.htm,Michiana College (South Bend)
1018.htm,Michigan Institute of Aeronautics
1019.htm,Michigan Technological University
1020.htm,Mid-Florida Technical Institute
1021.htm,Mid-Plains Community College Area
1022.htm,Mid-South Community College
1023.htm,Middle Georgia Technical College
1024.htm,Middlesex Community College
1025.htm,Middlesex Community College - Bedford Campus
1026.htm,Middlesex Community College - Lowell Campus
1027.htm,Midstate College
1028.htm,Midwest Institute for Medical Assistants
1029.htm,Midwestern State University
1030.htm,Miles Community College
1031.htm,Miller-Motte Business College (Virginia)
1032.htm,Miller-Motte Technical College (North Carolina)
1033.htm,Millersville University of Pennsylvania
1034.htm,Millsaps College
1035.htm,Milwaukee Institute of Art and Design
1036.htm,Mineral Area College
1037.htm,Mingo County Vocational, Technical, and Adult Center
1038.htm,Minneapolis School of Massage and Bodywork
1039.htm,Minnesota School of Business (Brooklyn Center)
1040.htm,Minnesota State College - Southeast Technical (Winona)
1041.htm,Minnesota State University Moorhead
1042.htm,Minnesota State University, Mankato
1043.htm,Minnesota West Community and Technical College - Worthington Campus
1044.htm,Minot State University
1045.htm,Mira Costa College
1046.htm,Mississippi Gulf Coast Community College - Central Office
1047.htm,Mississippi Gulf Coast Community College - Jackson County Campus
1048.htm,Missouri Valley College
1049.htm,Missouri Western State College
1050.htm,Mitchell Technical Institute
1051.htm,Moberly Area Community College
1052.htm,Modesto Junior College
1053.htm,Mohave Community College
1054.htm,Mohawk Valley Community College
1055.htm,Monmouth University
1056.htm,Monroe Community College
1057.htm,Monroe County Community College
1058.htm,Montana State University - Great Falls College of Technology
1059.htm,Montana Tech of the University of Montana
1060.htm,Montana Tech of The University of Montana - College of Technology
1061.htm,Montcalm Community College
1062.htm,Montclair State University
1063.htm,Montclair State University Graduate School
1064.htm,Monterey Institute of International Studies
1065.htm,Montgomery College - Rockville Campus
1066.htm,Montgomery Community College
1067.htm,Montgomery County Community College
1068.htm,Montreat College
1069.htm,Montserrat College of Art
1070.htm,Moore College of Art
1071.htm,Moore Norman Technology Center
1072.htm,Moorpark College
1073.htm,Moraine Park Technical College - Fond du Lac Campus
1074.htm,Moravian College
1075.htm,Morehouse College
1076.htm,Morgan Community College
1077.htm,Morris Brown College
1078.htm,Morris County School of Technology
1079.htm,Motlow State Community College
1080.htm,MotoRing Technical Training Institute
1081.htm,Moultrie Technical College
1082.htm,Mount Holyoke
1083.htm,Mount Olive College
1084.htm,Mount Senario College
1085.htm,Mount St. Mary's College (Maryland)
1086.htm,Mountain Empire Community College
1087.htm,Mountain State College
1088.htm,Mountain View College
1089.htm,MTI College of Business and Technology - Houston
1090.htm,Mundus Institute
1091.htm,Murray State University
1092.htm,Muscatine Community College
1093.htm,Music Tech
1094.htm,Myotherapy College of Utah
1095.htm,Nanyang Business School, Nanyang Technological University
1096.htm,Napa Valley College
1097.htm,Nash Community College
1098.htm,Nashville Auto-Diesel College
1099.htm,Nashville State Technical Institute
1100.htm,National College of Business and Technology (Bluefield)
1101.htm,National College of Business and Technology (Bristol)
1102.htm,National College of Business and Technology (Charlottesville)
1103.htm,National College of Business and Technology (Danville, Kentucky)
1104.htm,National College of Business and Technology (Harrisonburg)
1105.htm,National College of Business and Technology (Lynchburg)
1106.htm,National College of Business and Technology (Pikeville)
1107.htm,National College of Business and Technology (Richmond)
1108.htm,National University of Singapore
1109.htm,National University School of Business Technology
1110.htm,Naugatuck Valley Community College
1111.htm,Naval Technical Training Center (Florida)
1112.htm,Nazareth College of Rochester
1113.htm,Nebraska Wesleyan University
1114.htm,NEI College of Technology
1115.htm,Neosho County Community College
1116.htm,Neumann College
1117.htm,New College of Florida
1118.htm,New England College
1119.htm,New England Culinary Institute
1120.htm,New England Institute of Technology
1121.htm,New England School of Communications
1122.htm,New Hampshire Community Technical College - Claremont
1123.htm,New Hampshire Community Technical College - Laconia
1124.htm,New Hampshire Community Technical College - Nashua
1125.htm,New Hampshire Community Technical College - Stratham
1126.htm,New Hampshire Technical Institute
1127.htm,New Horizons Regional Education Center
1128.htm,New Jersey City University
1129.htm,New Mexico Institute of Mining
1130.htm,New Mexico Military Institute
1131.htm,New Mexico State University
1132.htm,New Mexico State University - Carlsbad
1133.htm,New River Community College
1134.htm,New World School of the Arts
1135.htm,New York Food
1136.htm,New York Paralegal School
1137.htm,New York Restaurant School
1138.htm,New York University
1139.htm,New York University Stern School of Business
1140.htm,New York University Tisch School of the Arts Graduate Program
1141.htm,Newberry College
1142.htm,Newbury College
1143.htm,Nicholls State University
1144.htm,Nichols College
1145.htm,Normandale Community College
1146.htm,North Carolina A
1147.htm,North Carolina Wesleyan College
1148.htm,North Central College
1149.htm,North Central Kansas Technical College
1150.htm,North Central Kansas Technical College - Hays Campus
1151.htm,North Central Michigan College
1152.htm,North Country Community College
1153.htm,North Dakota State University
1154.htm,North Georgia College and State University
1155.htm,North Greenville College
1156.htm,North Harris College
1157.htm,North Hennepin Community College
1158.htm,North Park University
1159.htm,North Seattle Community College
1160.htm,Northampton Community College
1161.htm,Northeast Community College
1162.htm,Northeast State Technical Community College
1163.htm,Northeast Wisconsin Technical College
1164.htm,Northeastern Oklahoma A
1165.htm,Northeastern University Grad School of Business
1166.htm,Northeastern University Law School
1167.htm,Northern Kentucky University
1168.htm,Northern Michigan University
1169.htm,Northern Virginia Community College
1170.htm,Northface University
1171.htm,Northland College
1172.htm,NorthWest Arkansas Community College
1173.htm,Northwest Indian College
1174.htm,Northwest Iowa Community College
1175.htm,Northwest Kansas Technical College
1176.htm,Northwest Nazarene University
1177.htm,Northwest State Community College
1178.htm,Northwest Technical Institute
1179.htm,Northwest Vista College
1180.htm,Northwest-Shoals Community College
1181.htm,Northwestern Connecticut Community College
1182.htm,Northwestern Kellogg Graduate School of Management
1183.htm,Northwestern State University
1184.htm,Northwestern University
1185.htm,Northwestern University School of Law - JD Program
1186.htm,Northwood University
1187.htm,Nossi College of Art
1188.htm,Notre Dame Law School
1189.htm,NTI - School of CAD Technology
1190.htm,Nyack College
1191.htm,NYU Sackler Institute of Graduate Biomedical Sciences
1192.htm,NYU Steinhardt School of Culture, Education,
1193.htm,Oakland City University
1194.htm,Oakland Community College
1195.htm,Oakland University
1196.htm,Oakton Community College
1197.htm,Ocean County Vocational/Technical School
1198.htm,Odessa College
1199.htm,Ogden-Weber Applied Technology Center
1200.htm,Ohio Business College (Sandusky)
1201.htm,Ohio Center for Broadcasting (Cleveland)
1202.htm,Ohio Northern University College of Law
1203.htm,Ohio State University Agricultural Technical Institute
1204.htm,Ohio State University-Marion
1205.htm,Ohio Technical College
1206.htm,Ohio Wesleyan University Undergraduate Application
1207.htm,Okefenokee Technical College
1208.htm,Oklahoma Baptist University
1209.htm,Oklahoma City University
1210.htm,Oklahoma Panhandle State University
1211.htm,Old Dominion University
1212.htm,Olean Business Institute
1213.htm,Omega Institute
1214.htm,Orange County Community College
1215.htm,Orange Technical Education Center - Orlando Tech
1216.htm,Orange Technical Education Center - Winter Park Tech
1217.htm,Orangeburg-Calhoun Technical College
1218.htm,Otis College of Art
1219.htm,Ottawa University
1220.htm,Ouachita Technical College
1221.htm,Our Lady of Holy Cross College
1222.htm,Our Lady of the Lake College
1223.htm,Owens Community College
1224.htm,Owensboro Community College
1225.htm,Owensboro Junior College of Business
1226.htm,Ozarka College
1227.htm,Ozarks Technical Community College
1228.htm,P.C. Rossin College of Engineering and Applied Sci
1229.htm,Pace University
1230.htm,Pacific Lutheran University
1231.htm,Pacific States University
1232.htm,Pacific Union College
1233.htm,Pacific University
1234.htm,Paducah Community College
1235.htm,Palm Beach Atlantic University
1236.htm,Palomar College
1237.htm,Pamlico Community College
1238.htm,Paralegal Institute, Inc.
1239.htm,Parkland College
1240.htm,Parsons The New School for Design
1241.htm,Passaic County Community College
1242.htm,Paul D. Camp Community College - Franklin Campus
1243.htm,Paul D. Camp Community College - Hobbs Campus
1244.htm,PCI Health Training Center
1245.htm,Pearl River Community College - Pearl River County Center
1246.htm,Peninsula College
1247.htm,Pennco Tech (New Jersey)
1248.htm,Pennsylvania Institute of Technology
1249.htm,Pennsylvania State University - Beaver Campus
1250.htm,Pennsylvania State University - Delaware County Campus
1251.htm,Pennsylvania State University - Fayette Campus
1252.htm,Pennsylvania State University - Hazleton Campus
1253.htm,Pennsylvania State University - McKeesport Campus
1254.htm,Pennsylvania State University - Mont Alto Campus
1255.htm,Pennsylvania State University - University Park
1256.htm,Pennsylvania State University - Worthington-Scranton Campus
1257.htm,Pennsylvania State University - York Campus
1258.htm,Pepperdine University
1259.htm,Petit Jean College
1260.htm,Piedmont Baptist College
1261.htm,Piedmont College
1262.htm,Pierce College
1263.htm,Pike-Lincoln Technical Center
1264.htm,Pima Community College
1265.htm,Pima Community College - West Campus
1266.htm,Pima Medical Institute (New Mexico)
1267.htm,Pinellas Technical Education Centers
1268.htm,Pioneer Pacific College
1269.htm,Pitt Community College
1270.htm,Pittsburg State University
1271.htm,Pittsburgh Institute of Aeronautics
1272.htm,Pitzer College Program in American College English
1273.htm,Platt College (Cerritos)
1274.htm,Platt College (Newport Beach)
1275.htm,Polk Community College
1276.htm,Polytechnic University
1277.htm,Porter and Chester Institute (Enfield)
1278.htm,Portfolio Center
1279.htm,Portland Community College
1280.htm,Potomac College
1281.htm,Prairie View A
1282.htm,Pratt Community College
1283.htm,Presbyterian College
1284.htm,Prescott College
1285.htm,Presentation College
1286.htm,Prestonsburg Community College
1287.htm,Prince George's Community College
1288.htm,Prince Institute of Professional Studies
1289.htm,Princeton University
1290.htm,Principia College
1291.htm,Professional Career Development Institute
1292.htm,Providence College
1293.htm,Pueblo Community College
1294.htm,Pueblo Community College - Southwest Center
1295.htm,Pulaski Technical College
1296.htm,Purdue University Krannert School of Management
1297.htm,Purdue University-North Central
1298.htm,Purdue University-West Lafayette
1299.htm,Queens School of Business
1300.htm,Queensborough Community College
1301.htm,Quinnipiac University
1302.htm,Quinsigamond Community College
1303.htm,Radford University
1304.htm,Rainy River Community College
1305.htm,Ramapo College of New Jersey
1306.htm,Randolph Community College
1307.htm,Ranger College
1308.htm,Rappahannock Community College - Glenns Campus
1309.htm,Rasmussen College St. Cloud
1310.htm,Reed College
1311.htm,Regis College
1312.htm,Reid State Technical College
1313.htm,Reinhardt College
1314.htm,Rensselaer Polytechnic Inst Lally School of Mgt
1315.htm,Rensselaer Polytechnic Institute Transfer
1316.htm,Renton Technical College
1317.htm,RETS Tech Center
1318.htm,Rhode Island College
1319.htm,Rhodes College
1320.htm,Rhodes College (California)
1321.htm,Rice U Jesse H Jones Grad School of Management
1322.htm,Rice University
1323.htm,Richard Bland College
1324.htm,Richard Stockton College of New Jersey
1325.htm,Rio Grande Community College
1326.htm,Rio Salado College
1327.htm,Ripon College
1328.htm,Rivier College
1329.htm,Roane State Community College
1330.htm,Roanoke College
1331.htm,Roanoke-Chowan Community College
1332.htm,Robert H. Smith School of Business, U of Maryland
1333.htm,Roberto-Venn School of Luthiery
1334.htm,Roberts Wesleyan College
1335.htm,Rochester Community and Technical College
1336.htm,Rochester Institute of Technology
1337.htm,Rockford College
1338.htm,Rockhurst University Undergraduate Application
1339.htm,Rockland Community College
1340.htm,Rocky Mountain College
1341.htm,Rolla Technical Institute
1342.htm,Rollins College
1343.htm,Rollins College Crummer Graduate School of Business
1344.htm,Roosevelt University
1345.htm,Rose State College
1346.htm,Rose-Hulman Institute of Technology
1347.htm,Rosemont College
1348.htm,Ross University
1349.htm,Ross University School of Medicine
1350.htm,Rowan University Graduate Application
1351.htm,Rowan-Cabarrus Community College
1352.htm,RSM Erasmus University MBA Programmes
1353.htm,Rush University
1354.htm,Rutgers University
1355.htm,Rutgers University -- Douglass College
1356.htm,Rutgers University Graduate School of Management
1357.htm,Sacramento City College
1358.htm,Sacred Heart University
1359.htm,Saddleback College
1360.htm,SAGE Technical Services Professional Truck Driving School (Casper)
1361.htm,Saint Andrews Presbyterian College
1362.htm,Saint Anselm College
1363.htm,Saint Anthony College of Nursing
1364.htm,Saint Cloud Technical College
1365.htm,Saint Francis College (NY)
1366.htm,Saint Johns River Community College
1367.htm,Saint Johns University/College of Saint Benedict
1368.htm,Saint Joseph College (CT)
1369.htm,Saint Joseph's University (PA)
1370.htm,Saint Leo University
1371.htm,Saint Louis Community College - Florissant Valley Campus
1372.htm,Saint Louis University
1373.htm,Saint Mary's College of California
1374.htm,Saint Paul Technical College
1375.htm,Saint Paul's College
1376.htm,Saint Peters College
1377.htm,Saint Petersburg College
1378.htm,Saint Petersburg College - Clearwater Campus
1379.htm,Salem Community College
1380.htm,Salisbury University
1381.htm,Salish-Kootenai College
1382.htm,Salt Lake Community College
1383.htm,Samford University
1384.htm,Sampson Community College
1385.htm,Samuel Merritt College
1386.htm,San Antonio College
1387.htm,San Diego City College
1388.htm,San Francisco Art Institute
1389.htm,San Francisco Conservatory of Music
1390.htm,San Francisco State University
1391.htm,San Jacinto College - Central Campus
1392.htm,San Jacinto College - South Campus
1393.htm,San Joaquin Delta College
1394.htm,San Joaquin Valley College (Fresno)
1395.htm,San Jose State University
1396.htm,Santa Clara Leavey School of Business
1397.htm,Santa Clara University
1398.htm,Sarah Lawrence College
1399.htm,Sauk Valley Community College
1400.htm,Savannah Technical College
1401.htm,School of Automotive Machinists
1402.htm,Schoolcraft College
1403.htm,Schuylkill Training and Technical Center
1404.htm,Scott Community College
1405.htm,Scripps College
1406.htm,Seattle University
1407.htm,Seminole Community College
1408.htm,Seminole State College
1409.htm,Sequoia Institute
1410.htm,Seton Hall University
1411.htm,Seton Hall University - College of Education
1412.htm,Seton Hall University - College of Nursing
1413.htm,Seton Hall University - School of Graduate Medical Education
1414.htm,Seton Hall University - School of Theology
1415.htm,Seton Hall University-Sch of Diplomacy and Intl Relations
1416.htm,Seward County Community College
1417.htm,Sheldon Jackson College
1418.htm,Sheridan College
1419.htm,Sheridan Vocational-Technical Center
1420.htm,Shippensburg University of Pennsylvania
1421.htm,Shoreline Community College
1422.htm,Shorter College
1423.htm,Si Tanka College
1424.htm,Siena College
1425.htm,Sierra Academy of Aeronautics Technical Institute
1426.htm,Sierra College
1427.htm,Sierra Nevada College
1428.htm,Silicon Valley College (Fremont)
1429.htm,Silver Lake College
1430.htm,Simon's Rock College of Bard
1431.htm,Simpson College (IA)
1432.htm,Skagit Valley College
1433.htm,Skidmore College
1434.htm,Slippery Rock University of Pennsylvania
1435.htm,Smith College Domestic First Year
1436.htm,Snead State Community College
1437.htm,Somerset Community College
1438.htm,Sonoma State University
1439.htm,South Central Career Center
1440.htm,South College
1441.htm,South Dakota State University
1442.htm,South Georgia Technical College
1443.htm,South Puget Sound Community College
1444.htm,South Seattle Community College
1445.htm,South Suburban College
1446.htm,South Texas Community College
1447.htm,Southeast Community College
1448.htm,Southeast Community College - Lincoln Campus
1449.htm,Southeast Missouri State University
1450.htm,Southeast Technical Institute
1451.htm,Southeastern College of the Assemblies of God
1452.htm,Southeastern Community College - South Campus
1453.htm,Southeastern University
1454.htm,Southern Christian University
1455.htm,Southern Connecticut State University
1456.htm,Southern Illinois University Carbondale
1457.htm,Southern Illinois University-Edwardsville
1458.htm,Southern Maine Technical College
1459.htm,Southern New Hampshire University
1460.htm,Southern Ohio College - Northeast
1461.htm,Southern Ohio College - Northern Kentucky Campus
1462.htm,Southern Polytechnic State University
1463.htm,Southern State Community College
1464.htm,Southern University and A
1465.htm,Southern University at Shreveport
1466.htm,Southern Utah University
1467.htm,Southern Vermont College
1468.htm,Southern West Virginia Community and Technical College - Boone Campus
1469.htm,Southern West Virginia Community and Technical College - Williamson Campus
1470.htm,Southern West Virginia Community and Technical College - Wyoming Campus
1471.htm,Southside Virginia Community College
1472.htm,Southwest Health Career Institute
1473.htm,Southwest Mississippi Community College
1474.htm,Southwest Missouri State University - West Plains
1475.htm,Southwest School of Electronics
1476.htm,Southwest Texas Junior College
1477.htm,Southwest Virginia Community College
1478.htm,Southwest Wisconsin Technical College
1479.htm,Southwestern College (AZ)
1480.htm,Southwestern Community College (North Carolina)
1481.htm,Southwestern Illinois College
1482.htm,Southwestern Indian Polytechnic Institute
1483.htm,Southwestern University
1484.htm,Spartanburg Methodist College
1485.htm,Spencerian College (Louisville)
1486.htm,Spokane Falls Community College
1487.htm,Spoon River College
1488.htm,Spring Arbor University
1489.htm,Springfield Technical Community College
1490.htm,St. Bonaventure University
1491.htm,St. John's College (MD)
1492.htm,St. John's College, Department of Nursing (IL)
1493.htm,St. John's University - The Peter J. Tobin College of Business
1494.htm,St. Lawrence University
1495.htm,St. Louis College of Health Careers - South County Campus
1496.htm,St. Mary's College of Maryland
1497.htm,St. Mary-of-the-Woods College
1498.htm,St. Thomas University
1499.htm,St. Vincent's College
1500.htm,Stanford Graduate School of Business
1501.htm,Stanford Graduate School of Business Sloan Program
1502.htm,Stanford University School of Medicine
1503.htm,Stanford University Undergraduate
1504.htm,Star Technical Institute (Lakewood)
1505.htm,Star Technical Institute (Philadelphia)
1506.htm,Star Technical Institute (Upper Darby)
1507.htm,Stark State College of Technology
1508.htm,State University of West Georgia
1509.htm,Stephen F. Austin State University
1510.htm,Stephens College
1511.htm,Sterling College
1512.htm,Stone Child College
1513.htm,Strayer University
1514.htm,Studio Jewelers, Ltd.
1515.htm,Suffolk University
1516.htm,Sul Ross State University
1517.htm,SUNY - Adirondack Community College
1518.htm,SUNY - Broome Community College
1519.htm,SUNY - Clinton Community College
1520.htm,SUNY - College at Brockport
1521.htm,SUNY - College at Cortland
1522.htm,SUNY - College at Fredonia
1523.htm,SUNY - College at Geneseo
1524.htm,SUNY - College at New Palz
1525.htm,SUNY - College at Oneonta
1526.htm,SUNY - College at Plattsburgh
1527.htm,SUNY - College at Potsdam
1528.htm,SUNY - College at Purchase
1529.htm,SUNY - College of Technology at Alfred
1530.htm,SUNY - College of Technology at Canton
1531.htm,SUNY - Dutchess Community College
1532.htm,SUNY - Erie Community College (Orchard Park)
1533.htm,SUNY - Institute of Technology at Utica/Rome
1534.htm,SUNY - Jamestown Community College
1535.htm,SUNY - Schenectady County Community College
1536.htm,SUNY - Ulster County Community College
1537.htm,SUNY - University Center at Binghampton
1538.htm,SUNY - University Center at Buffalo
1539.htm,SUNY - University Center at Stony Brook
1540.htm,SUNY at Albany
1541.htm,SUNY at Binghamton
1542.htm,SUNY Oswego
1543.htm,Susquehanna University
1544.htm,Suwannee-Hamilton Technical Center
1545.htm,Swainsboro Technical Institute
1546.htm,Syracuse Newhouse School of Communication
1547.htm,Syracuse University
1548.htm,Syracuse University MBA and MS Programs
1549.htm,Syracuse/Maxwell International Relations Program
1550.htm,Tabor College
1551.htm,Tacoma Community College International Application
1552.htm,Taft College
1553.htm,Talladega College
1554.htm,Tallahassee Community College
1555.htm,Taylor Business Institute (New York)
1556.htm,TDDS Technical Institute
1557.htm,Technical College of Lowcountry
1558.htm,Technical Institute of Camden County
1559.htm,Technology Education College
1560.htm,Temple College
1561.htm,Temple University
1562.htm,Tennessee Institute of Healing Arts
1563.htm,Tennessee State University
1564.htm,Tennessee Technology Center - Crump
1565.htm,Tennessee Technology Center - Dickson
1566.htm,Tennessee Technology Center - Elizabethton
1567.htm,Tennessee Technology Center - Hartsville
1568.htm,Tennessee Technology Center - Hohenwald
1569.htm,Tennessee Technology Center - Jacksboro
1570.htm,Tennessee Technology Center - Jackson
1571.htm,Tennessee Technology Center - Livingston
1572.htm,Tennessee Technology Center - Morristown
1573.htm,Tennessee Technology Center - Murfreesboro
1574.htm,Tennessee Technology Center - Shelbyville
1575.htm,Tennessee Technology Center - Whiteville
1576.htm,Tennessee Technology Center at Oneida/Huntsville
1577.htm,Tennessee Wesleyan College
1578.htm,TESST College of Technology (Baltimore)
1579.htm,TESST College of Technology (Beltsville)
1580.htm,TESST College of Technology (Towson)
1581.htm,TESST Technology Institute (Virginia)
1582.htm,Texarkana College
1583.htm,Texas A
1584.htm,Texas A
1585.htm,Texas A
1586.htm,Texas Christian University
1587.htm,Texas Christian University MBA
1588.htm,Texas Lutheran University
1589.htm,Texas School of Business
1590.htm,Texas School of Business - Southwest Campus
1591.htm,Texas State Technical College - Harlingen
1592.htm,Texas State Technical College Waco
1593.htm,Texas State University-San Marcos
1594.htm,Texas Tech University
1595.htm,Texas Tech University Graduate School
1596.htm,Texas Vocational Schools (East Red River)
1597.htm,Texas Wesleyan University
1598.htm,Texas Womans University
1599.htm,Thaddeus Stevens College of Technology
1600.htm,The American Musical and Dramatic Academy
1601.htm,The Art Institute of Boston at Lesley University
1602.htm,The Art Institute of Cincinnati
1603.htm,The Art Institute of Dallas
1604.htm,The Art Institute of Houston
1605.htm,The Art Institute of Philadelphia
1606.htm,The Art Institute Of Pittsburgh
1607.htm,The Art Institutes International Minnesota
1608.htm,The Braxton School of Business
1609.htm,The Bryman School
1610.htm,The Cambridge School of Culinary Arts
1611.htm,The Chinese University of Hong Kong
1612.htm,The Chubb Institute - Cherry Hill
1613.htm,The Chubb Institute - Keystone School
1614.htm,The Chubb Institute - New York
1615.htm,The Chubb Institute - North Brunswick
1616.htm,The Chubb Institute - Parsippany
1617.htm,The Citadel, the Military College of S C
1618.htm,The Cittone Institute (Princeton)
1619.htm,The College of Office Technology
1620.htm,The College of Our Lady of the Elms
1621.htm,The College of Saint Scholastica
1622.htm,The Creative Center
1623.htm,The Creative Circus
1624.htm,The Culinary Institute of America
1625.htm,The Culinary Institute of America at Greystone
1626.htm,The Evergreen State College
1627.htm,The Franciscan University
1628.htm,The George Washington University
1629.htm,The George Washington University Grad
1630.htm,The Hartford Conservatory
1631.htm,The Health Institute of Louisville
1632.htm,The Humanities Center Institute of Allied Health
1633.htm,The Institute for Health Education
1634.htm,The Institute of World Politics
1635.htm,The Juilliard School
1636.htm,The Maryland College of Art and Design
1637.htm,The Master's College and Seminary
1638.htm,The New England College of Finance
1639.htm,The New School of Radio and Television
1640.htm,The Ocean Corporation
1641.htm,The PJA School
1642.htm,The Poynter Institute for Media Studies
1643.htm,The Salvation Army Crestmont College, School for Officer Training
1644.htm,The Stevens-Henager College of Business (Provo)
1645.htm,The University of British Columbia
1646.htm,The University of Iowa
1647.htm,The University of Louisiana at Monroe
1648.htm,The University of Montana - Missoula/College of Technology
1649.htm,The University of Montana-Western
1650.htm,The University of Saint Francis (IN)
1651.htm,The University of South Dakota
1652.htm,The University of Tampa
1653.htm,The University of Texas at Tyler
1654.htm,The Williamson Free School of Mechanical Trades
1655.htm,Thiel College
1656.htm,Thomas Aquinas College
1657.htm,Thomas Jefferson University,
1658.htm,Thomas More College
1659.htm,Thompson Institute (Harrisburg)
1660.htm,Thompson Institute (Philadelphia)
1661.htm,Three Rivers Community-Technical College - Mohegan Campus
1662.htm,Thunderbird
1663.htm,Tidewater Tech (Chesapeake)
1664.htm,Tidewater Tech Aviation
1665.htm,Total Technical Institute
1666.htm,Tougaloo College
1667.htm,Towson University
1668.htm,TransPacific Hawaii College
1669.htm,Transworld Academy
1670.htm,Travel Education Center (New Hampshire)
1671.htm,Travel University International (California)
1672.htm,Travel University International (Hawaii)
1673.htm,Tri-County Community College
1674.htm,Triangle Tech (DuBois)
1675.htm,Triangle Tech (Greensburg)
1676.htm,Triangle Tech (Pittsburgh)
1677.htm,Trinidad State Junior College
1678.htm,Trinity Bible College
1679.htm,Trinity College
1680.htm,Trinity College (DC)
1681.htm,Trinity College of Vermont
1682.htm,Trinity International University
1683.htm,Trinity Lutheran College
1684.htm,Trinity Western University
1685.htm,Triton College
1686.htm,Troy State University at Troy
1687.htm,Troy State University Dothan
1688.htm,Troy State University Montgomery
1689.htm,Truett-McConnell College
1690.htm,Tufts Fletcher School of Law and Diplomacy
1691.htm,Tufts School of Veterinary Medicine
1692.htm,Tulane School of Social Work
1693.htm,Tulane University MBA
1694.htm,Tulsa Community College
1695.htm,Tulsa Welding School
1696.htm,Tuskegee University
1697.htm,Tyler International School of Aviation
1698.htm,Tyler Junior College
1699.htm,U. of Nebraska-Lincoln J.D. Edwards Honors Program
1700.htm,U. of Pittsburgh Katz Graduate School of Business
1701.htm,UC Irvine | The Paul Merage School of Business
1702.htm,Ultrasound Diagnostic School (New Jersey)
1703.htm,Ultrasound Diagnostic School (Trevose)
1704.htm,UNC Kenan-Flagler Business School EMBA Program
1705.htm,Union College
1706.htm,Union College (KY)
1707.htm,Union College (NE)
1708.htm,Union Institute and University
1709.htm,United States Air Force Academy
1710.htm,United States International University
1711.htm,United States Merchant Marine Academy
1712.htm,United States Military Academy
1713.htm,United States Naval Academy
1714.htm,Universal Business and Media School
1715.htm,Universal Technical Institute (Illinois)
1716.htm,Universidad Autnoma de Guadalajara
1717.htm,University of Advancing Technology (UAT)
1718.htm,University of Akron
1719.htm,University of Alabama-Huntsville
1720.htm,University of Alaska Anchorage
1721.htm,University of Alaska Fairbanks
1722.htm,University of Arizona
1723.htm,University of Arizona College of Business
1724.htm,University of Arkansas
1725.htm,University of Arkansas Community College at Batesville
1726.htm,University of Arkansas-Pine Bluff
1727.htm,University of California at Davis GSM
1728.htm,University of California-Berkeley
1729.htm,University of California-Davis
1730.htm,University of California-San Diego
1731.htm,University of California-Santa Barbara
1732.htm,University of Central Arkansas
1733.htm,University of Central Florida
1734.htm,University of Charleston
1735.htm,University of Chicago
1736.htm,University of Chicago Graduate School of Business
1737.htm,University of Cincinnati
1738.htm,University of Cincinnati - OMI College of Applied Sciences
1739.htm,University of Colorado at Boulder MBA
1740.htm,University of Colorado-Denver
1741.htm,University of Connecticut
1742.htm,University of Connecticut School of Business
1743.htm,University of Dallas - Online MBA
1744.htm,University of Dayton Freshman Application
1745.htm,University of Delaware
1746.htm,University of Delaware MBA Programs
1747.htm,University of Detroit Mercy
1748.htm,University of Dubuque
1749.htm,University of Evansville
1750.htm,University of Findlay Online MBA Application
1751.htm,University of Georgia
1752.htm,University of Great Falls
1753.htm,University of Hartford
1754.htm,University of Hawaii at Manoa College of Business MBA Program
1755.htm,University of Houston
1756.htm,University of Indianapolis
1757.htm,University of Iowa
1758.htm,University of Kansas
1759.htm,University of La Verne Freshman
1760.htm,University of Louisiana at Lafayette
1761.htm,University of Louisville
1762.htm,University of Louisville MBA Program
1763.htm,University of Maine
1764.htm,University of Maine-Presque Isle
1765.htm,University of Mary
1766.htm,University of Mary Hardin-Baylor
1767.htm,University of Mary Washington
1768.htm,University of Maryland University College
1769.htm,University of Maryland, Baltimore County
1770.htm,University of Maryland-College Park
1771.htm,University of Massachusetts Amherst
1772.htm,University of Massachusetts, Isenberg School of Management
1773.htm,University of Massachusetts-Boston
1774.htm,University of Massachusetts-Lowell
1775.htm,University of Memphis Business School
1776.htm,University of Memphis Law App
1777.htm,University of Miami
1778.htm,University of Michigan Law School
1779.htm,University of Michigan School of Social Work
1780.htm,University of Minnesota Duluth
1781.htm,University of Minnesota MBA
1782.htm,University of Minnesota, Morris
1783.htm,University of Minnesota, Twin Cities
1784.htm,University of Mississippi
1785.htm,University of Missouri-Kansas City
1786.htm,University of Missouri-Rolla
1787.htm,University of Nebraska at Kearney
1788.htm,University of Nebraska-Lincoln
1789.htm,University of Nevada-Reno
1790.htm,University of New Haven
1791.htm,University of New Mexico - Valencia Campus
1792.htm,University of North Carolina at Asheville
1793.htm,University of North Carolina at Pembroke
1794.htm,University of North Carolina at Wilmington
1795.htm,University of North Carolina-Charlotte
1796.htm,University of North Texas
1797.htm,University of Northern Colorado
1798.htm,University of Northern Iowa
1799.htm,University of Northwestern Ohio
1800.htm,University of Notre Dame
1801.htm,University of Notre Dame MBA Program
1802.htm,University of Pennsylvania
1803.htm,University of Pittsburgh - Titusville Campus
1804.htm,University of Pittsburgh at Johnstown
1805.htm,University of Puget Sound
1806.htm,University of Redlands
1807.htm,University of Rhode Island
1808.htm,University of Rochester Application Part 1
1809.htm,University of Saint Mary (KS)
1810.htm,University of San Diego
1811.htm,University of San Francisco MBA Application
1812.htm,University of Science and Arts of Oklahoma
1813.htm,University of Scranton
1814.htm,University of Scranton Graduate School
1815.htm,University of Sioux Falls
1816.htm,University of South Carolina - Columbia
1817.htm,University of South Carolina - Lancaster Campus
1818.htm,University of South Carolina Sumter
1819.htm,University of South Carolina-Spartanburg
1820.htm,University of South Florida Undergraduate
1821.htm,University of Southern California
1822.htm,University of Southern Colorado
1823.htm,University of Southern Maine
1824.htm,University of St. Thomas (TX)
1825.htm,University of Tennessee - Knoxville
1826.htm,University of Texas at Austin
1827.htm,University of Texas at Austin MBA - Domestic App
1828.htm,University of Texas at Dallas
1829.htm,University of Texas Medical Branch
1830.htm,University of the Arts
1831.htm,University of the District of Columbia
1832.htm,University of the Incarnate Word
1833.htm,University of the Pacific
1834.htm,University of The South
1835.htm,University of Toronto, Joseph L. Rotman School
1836.htm,University of Tulsa - Undergraduate
1837.htm,University of Tulsa Graduate Business Programs Office
1838.htm,University of Utah
1839.htm,University of Virginia Darden Graduate Sch of Bus
1840.htm,University of Virginia's College at Wise
1841.htm,University of Washington Business School
1842.htm,University of Washington Transfer App
1843.htm,University of West Los Angeles
1844.htm,University of West Los Angeles School of Law
1845.htm,University of Wisconsin - Baraboo-Sauk County
1846.htm,University of Wisconsin - Barron Campus
1847.htm,University of Wisconsin - Fond du Lac Campus
1848.htm,University of Wisconsin - Fox Valley
1849.htm,University of Wisconsin - Marathon Campus
1850.htm,University of Wisconsin - Rock County
1851.htm,University of Wisconsin - Sheboygan
1852.htm,University of Wisconsin - The Madison School of Business
1853.htm,University of Wisconsin - Washington County Campus
1854.htm,University of Wisconsin Colleges
1855.htm,University of Wisconsin-Eau Claire
1856.htm,University of Wisconsin-Madison
1857.htm,University of Wisconsin-Milwaukee
1858.htm,University of Wisconsin-Parkside
1859.htm,University of Wisconsin-River Falls
1860.htm,University of Wisconsin-Stevens Point
1861.htm,Ursinus College
1862.htm,Utah Career College
1863.htm,Utah State University
1864.htm,Utica College
1865.htm,Utica School of Commerce
1866.htm,Utica School of Commerce (Canastota)
1867.htm,Valencia Community College
1868.htm,Valley City State University
1869.htm,Valley College of Technology
1870.htm,Valley Forge Military College
1871.htm,Valparaiso University
1872.htm,Vanderbilt University
1873.htm,Vanderbilt University Law School Application
1874.htm,Vassar College
1875.htm,Vatterott College (Omaha)
1876.htm,Vatterott College (Springfield)
1877.htm,Vatterott College (St. Joseph)
1878.htm,Villa Julie College
1879.htm,Villanova University
1880.htm,Vincennes University - Benjamin Harrison Center
1881.htm,Virginia Commonwealth University
1882.htm,Virginia Highlands Community College
1883.htm,Virginia State University
1884.htm,Virginia Wesleyan College
1885.htm,Vista Community College
1886.htm,Volunteer State Community College
1887.htm,Wabash College
1888.htm,Wade College
1889.htm,Wagner College
1890.htm,Walla Walla Community College
1891.htm,Wallace Community College (Selma)
1892.htm,Wallace Community College - Aviation Campus
1893.htm,Wallace State College
1894.htm,Walters State Community College
1895.htm,Wartburg College
1896.htm,Washburn University
1897.htm,Washington
1898.htm,Washington Bible College
1899.htm,Washington College
1900.htm,Washington State Community College
1901.htm,Washington State University Undergraduate EDP
1902.htm,Washington Univ. Graduate School of Arts
1903.htm,Washington University  Olin Business School
1904.htm,Washington University School of Law
1905.htm,Washtenaw Community College
1906.htm,Watkins College of Art
1907.htm,Waubonsee Community College
1908.htm,Waukesha County Technical College
1909.htm,Wayne County Community College
1910.htm,Wayne State College
1911.htm,Wayne State University
1912.htm,Weatherford College
1913.htm,Webster Tech
1914.htm,Wellesley College
1915.htm,Wentworth Institute of Technology
1916.htm,Wentworth Military Academy and Junior College
1917.htm,Wesleyan College
1918.htm,West Central Technical College
1919.htm,West Chester University of Pennsylvania
1920.htm,West Coast Training, Inc.
1921.htm,West Georgia Technical Institute
1922.htm,West Hills College
1923.htm,West Liberty State College
1924.htm,West Los Angeles College
1925.htm,West Shore Community College
1926.htm,West Texas A
1927.htm,West Valley College
1928.htm,West Virginia Business College (Wheeling)
1929.htm,West Virginia Northern Community College
1930.htm,West Virginia State College
1931.htm,West Virginia University
1932.htm,West Virginia University Institute of Technology
1933.htm,West Virginia Wesleyan College
1934.htm,Westchester Community College
1935.htm,Western Area Career
1936.htm,Western Baptist College
1937.htm,Western Career College (Sacramento)
1938.htm,Western Connecticut State University
1939.htm,Western Dakota Technical Institute
1940.htm,Western Institute of Science and Health
1941.htm,Western Iowa Tech Community College (Sioux City)
1942.htm,Western Kentucky University
1943.htm,Western Nevada Community College
1944.htm,Western Pacific Truck School (Fresno)
1945.htm,Western Pacific Truck School (Oregon)
1946.htm,Western School of Health and Business Careers (Pittsburgh)
1947.htm,Westfield State College
1948.htm,Westminster Choir College of Rider University
1949.htm,Westminster College (PA)
1950.htm,Westmoreland County Community College
1951.htm,Westside Technical Center
1952.htm,Westwood College of Aviation Technology - Los Angeles
1953.htm,Westwood College of Technology - Chicago River Oaks
1954.htm,Westwood College of Technology - Denver North
1955.htm,Westwood College of Technology - Denver South
1956.htm,Westwood College of Technology - Inland Empire
1957.htm,Westwood Colleges
1958.htm,Wharton County Junior College
1959.htm,Wheaton College (IL)
1960.htm,Wheaton College (MA)
1961.htm,Whitman College
1962.htm,Wichita Technical Institute, Inc.
1963.htm,Widener University
1964.htm,Wilberforce University
1965.htm,Wilkes Community College
1966.htm,Wilkes University
1967.htm,Willamette University
1968.htm,Willamette University International Application
1969.htm,William Carey College
1970.htm,William Paterson University
1971.htm,William R. Moore College of Technology
1972.htm,William Tyndale College
1973.htm,William Woods University
1974.htm,Williamsburg Technical College
1975.htm,Wilmington College (OH)
1976.htm,Windward Community College
1977.htm,Wingate University
1978.htm,Winona State University
1979.htm,Winston-Salem State University
1980.htm,Winthrop University
1981.htm,Wisconsin Indian Technical College - Ashland Campus
1982.htm,Wisconsin Indianhead Technical College - Rice Lake Campus
1983.htm,Wisconsin Indianhead Technical Institute - New Richmond Campus
1984.htm,Wittenberg University
1985.htm,Wood College
1986.htm,Wood Tobe-Coburn School
1987.htm,Woodbury College
1988.htm,Worcester Polytechnic Institute
1989.htm,Wytheville Community College
1990.htm,Xavier University of Louisiana
1991.htm,Yakima Valley Community College
1992.htm,Yale School of Music
1993.htm,Yale University
1994.htm,Yale University MBA
1995.htm,Yavapai College
1996.htm,York County School of Technology
1997.htm,York University Schulich School of Business
1998.htm,Yorktowne Business Institute
1999.htm,Young Harris College
